input_1,input_2,input_3,label_id,label,split
3386,3868,974,1,GUNTING,train
3158,3015,3940,2,KERTAS,test
3295,3917,2377,3,TIDAK_VALID,train
3985,3142,382,1,GUNTING,train
905,273,554,0,BATU,train
221,4091,3744,3,TIDAK_VALID,train
3457,3699,819,1,GUNTING,train
3083,2692,2811,3,TIDAK_VALID,train
3369,3739,1070,1,GUNTING,test
2984,3184,746,1,GUNTING,test
2325,2533,3486,3,TIDAK_VALID,train
4026,3073,3057,2,KERTAS,train
2911,3477,324,1,GUNTING,train
2399,1861,3161,3,TIDAK_VALID,train
83,1144,152,0,BATU,train
1428,3521,3925,3,TIDAK_VALID,train
2902,3098,758,1,GUNTING,test
2979,3111,304,1,GUNTING,test
4048,3593,3593,2,KERTAS,train
4086,3914,879,1,GUNTING,validation
2458,3933,2813,3,TIDAK_VALID,test
944,601,899,0,BATU,validation
559,1072,593,0,BATU,train
3433,2966,3465,2,KERTAS,validation
2687,2512,3703,3,TIDAK_VALID,train
3030,3605,3799,2,KERTAS,train
3780,3165,792,1,GUNTING,test
3510,3635,3306,2,KERTAS,train
265,653,957,0,BATU,train
2040,679,1487,3,TIDAK_VALID,train
3097,4017,713,1,GUNTING,validation
806,355,903,0,BATU,train
2915,3889,3938,2,KERTAS,validation
2120,727,2306,3,TIDAK_VALID,train
3362,3663,3542,2,KERTAS,train
151,1021,188,0,BATU,train
2927,3238,3979,2,KERTAS,train
692,581,805,0,BATU,train
3314,3636,3459,2,KERTAS,train
625,1114,515,0,BATU,train
3821,3329,373,1,GUNTING,train
3262,3883,947,1,GUNTING,train
1044,1227,275,0,BATU,train
364,456,497,0,BATU,train
3496,3264,483,1,GUNTING,validation
810,3451,3949,3,TIDAK_VALID,train
3787,3085,3455,2,KERTAS,train
4053,2138,140,3,TIDAK_VALID,test
3351,3718,1120,1,GUNTING,validation
3651,3287,4004,2,KERTAS,validation
1002,471,949,0,BATU,train
1167,350,851,0,BATU,train
3162,3052,388,1,GUNTING,train
3045,4091,37,1,GUNTING,train
550,1828,1374,3,TIDAK_VALID,train
3341,1275,382,3,TIDAK_VALID,validation
3774,3959,900,1,GUNTING,validation
3326,3611,3827,2,KERTAS,train
3038,3546,3109,2,KERTAS,train
3339,3933,660,1,GUNTING,train
3927,3868,3206,2,KERTAS,validation
582,328,407,0,BATU,train
180,1057,1011,0,BATU,train
1397,208,3871,3,TIDAK_VALID,test
3759,3733,1020,1,GUNTING,train
3119,3883,188,1,GUNTING,validation
1393,1997,3237,3,TIDAK_VALID,train
1078,4075,2173,3,TIDAK_VALID,train
2946,2951,1092,1,GUNTING,train
915,774,1046,0,BATU,train
2904,3030,3590,2,KERTAS,train
3832,2979,3872,2,KERTAS,test
4034,2945,3549,2,KERTAS,train
3223,3407,842,1,GUNTING,train
577,901,1079,0,BATU,train
3114,172,1281,3,TIDAK_VALID,train
3551,2990,3283,2,KERTAS,validation
617,2926,1924,3,TIDAK_VALID,train
666,3821,4056,3,TIDAK_VALID,test
2774,3929,3184,3,TIDAK_VALID,train
3008,2922,3837,2,KERTAS,train
2571,3784,3915,3,TIDAK_VALID,validation
2903,3271,3737,2,KERTAS,train
3645,1035,1338,3,TIDAK_VALID,train
3657,3884,1059,1,GUNTING,train
789,223,982,0,BATU,test
592,1132,606,0,BATU,train
556,1035,398,0,BATU,train
3925,3796,658,1,GUNTING,test
3151,3841,3418,2,KERTAS,train
3167,2873,3524,2,KERTAS,train
3196,4029,3338,2,KERTAS,train
781,265,1140,0,BATU,validation
276,1309,868,3,TIDAK_VALID,test
3747,3242,1097,1,GUNTING,validation
484,2243,2850,3,TIDAK_VALID,train
1199,491,842,0,BATU,train
2390,347,71,3,TIDAK_VALID,train
3521,1253,1111,3,TIDAK_VALID,train
432,192,729,0,BATU,test
290,60,189,0,BATU,train
4092,3297,15,1,GUNTING,train
825,1180,456,0,BATU,train
3750,3189,3632,2,KERTAS,train
3527,3079,3601,2,KERTAS,train
3949,3422,3215,2,KERTAS,train
3875,3728,3173,2,KERTAS,validation
2751,2650,1093,3,TIDAK_VALID,train
475,2678,558,3,TIDAK_VALID,train
3527,3414,7,1,GUNTING,train
3854,4076,365,1,GUNTING,validation
3715,3078,3469,2,KERTAS,train
305,1123,979,0,BATU,train
839,3594,1193,3,TIDAK_VALID,train
499,1189,1038,0,BATU,validation
719,960,463,0,BATU,train
3637,3392,627,1,GUNTING,train
778,658,207,0,BATU,test
3215,3282,3610,2,KERTAS,train
3691,3233,3138,2,KERTAS,train
870,215,439,0,BATU,train
953,948,465,0,BATU,train
3013,3024,6,1,GUNTING,validation
1313,2610,871,3,TIDAK_VALID,validation
3901,3531,3618,2,KERTAS,validation
625,299,2517,3,TIDAK_VALID,train
552,787,248,0,BATU,train
2888,3007,3200,2,KERTAS,train
3981,2984,875,1,GUNTING,train
3036,2759,1122,3,TIDAK_VALID,validation
1057,1898,1479,3,TIDAK_VALID,train
3310,1205,2381,3,TIDAK_VALID,validation
3069,3148,2085,3,TIDAK_VALID,train
880,934,706,0,BATU,train
3540,2037,287,3,TIDAK_VALID,train
3331,3828,263,1,GUNTING,test
1217,199,982,0,BATU,train
362,940,1077,0,BATU,train
4013,4000,908,1,GUNTING,test
1759,3279,3260,3,TIDAK_VALID,train
1201,506,975,0,BATU,train
3384,3400,931,1,GUNTING,validation
2622,2842,2667,3,TIDAK_VALID,test
1178,494,63,0,BATU,train
3389,3175,426,1,GUNTING,train
486,1529,3825,3,TIDAK_VALID,train
3246,2445,3724,3,TIDAK_VALID,train
1155,1091,955,0,BATU,train
3492,4067,834,1,GUNTING,test
3401,3147,631,1,GUNTING,validation
3207,3420,1026,1,GUNTING,train
4074,3709,128,1,GUNTING,train
3165,3426,4049,2,KERTAS,test
3132,3462,880,1,GUNTING,train
2055,1614,2431,3,TIDAK_VALID,test
3206,3378,716,1,GUNTING,test
1657,225,3525,3,TIDAK_VALID,train
756,533,1079,0,BATU,test
3646,3770,3165,2,KERTAS,train
3374,3021,4071,2,KERTAS,train
892,696,932,0,BATU,train
3910,3064,3908,2,KERTAS,train
1671,480,2706,3,TIDAK_VALID,train
3426,3013,3566,2,KERTAS,train
256,1446,551,3,TIDAK_VALID,train
3719,3662,166,1,GUNTING,train
22,732,284,0,BATU,train
442,276,56,0,BATU,train
3097,2916,448,1,GUNTING,train
2938,3069,4062,2,KERTAS,test
304,262,901,0,BATU,validation
3776,3275,1015,1,GUNTING,train
2921,4092,1068,1,GUNTING,train
3300,3012,4027,2,KERTAS,train
414,745,809,0,BATU,train
574,366,1797,3,TIDAK_VALID,train
386,951,940,0,BATU,train
3537,3002,189,1,GUNTING,test
299,1036,783,0,BATU,train
3025,3387,3345,2,KERTAS,train
3918,3789,1939,3,TIDAK_VALID,train
914,28,1203,0,BATU,train
2762,2861,2150,3,TIDAK_VALID,train
3481,3783,3437,2,KERTAS,train
331,803,182,0,BATU,validation
675,530,769,0,BATU,train
2525,3174,3096,3,TIDAK_VALID,train
411,2095,2385,3,TIDAK_VALID,validation
3273,3211,3894,2,KERTAS,test
1011,1057,690,0,BATU,validation
3479,2400,2596,3,TIDAK_VALID,test
111,278,538,0,BATU,train
3280,3153,3270,2,KERTAS,train
3071,1491,3768,3,TIDAK_VALID,test
3535,3340,865,1,GUNTING,validation
1432,983,3800,3,TIDAK_VALID,test
215,270,570,0,BATU,train
519,688,421,0,BATU,train
481,110,95,0,BATU,train
694,469,231,0,BATU,validation
483,1132,392,0,BATU,train
3385,3742,3807,2,KERTAS,train
3826,2330,2107,3,TIDAK_VALID,train
2979,3075,3829,2,KERTAS,train
3577,3678,2986,2,KERTAS,test
1017,776,931,0,BATU,train
3621,3783,923,1,GUNTING,train
3358,4071,993,1,GUNTING,test
3680,3769,2883,2,KERTAS,validation
1221,386,1161,0,BATU,validation
3979,3835,3973,2,KERTAS,validation
3661,3663,3162,2,KERTAS,test
3509,3357,1743,3,TIDAK_VALID,train
3654,3177,753,1,GUNTING,validation
906,1120,1129,0,BATU,validation
2789,732,2640,3,TIDAK_VALID,train
2938,3839,3859,2,KERTAS,validation
3283,3805,3761,2,KERTAS,train
3243,3397,681,1,GUNTING,train
3536,3199,403,1,GUNTING,train
3943,3333,3200,2,KERTAS,train
3535,3731,2123,3,TIDAK_VALID,train
912,1219,339,0,BATU,validation
805,767,399,0,BATU,test
2675,2280,1006,3,TIDAK_VALID,train
581,1945,2230,3,TIDAK_VALID,test
3631,3800,1191,1,GUNTING,test
716,1221,1217,0,BATU,train
3047,3397,349,1,GUNTING,train
425,5,1041,0,BATU,test
3867,3493,3909,2,KERTAS,train
1226,861,731,0,BATU,train
3605,3553,3769,2,KERTAS,train
3418,311,3033,3,TIDAK_VALID,train
3029,2962,1074,1,GUNTING,train
3561,2919,97,1,GUNTING,train
3708,3002,130,1,GUNTING,train
754,755,513,0,BATU,train
3890,4063,3639,2,KERTAS,validation
567,198,616,0,BATU,train
799,1092,1226,0,BATU,validation
3002,4072,216,1,GUNTING,train
985,958,789,0,BATU,train
933,1935,290,3,TIDAK_VALID,train
3000,4076,614,1,GUNTING,test
3124,3722,316,1,GUNTING,train
1172,756,384,0,BATU,test
1141,1205,52,0,BATU,train
581,884,1178,0,BATU,test
3038,3306,3866,2,KERTAS,test
3183,2871,4054,2,KERTAS,train
752,43,194,0,BATU,train
3724,3339,398,1,GUNTING,train
281,1145,702,0,BATU,train
878,3801,128,3,TIDAK_VALID,train
2952,3472,99,1,GUNTING,train
3378,2898,3214,2,KERTAS,train
2127,568,2577,3,TIDAK_VALID,test
421,218,833,0,BATU,train
751,67,757,0,BATU,train
3412,3521,3770,2,KERTAS,train
289,130,416,0,BATU,train
3558,3228,28,1,GUNTING,train
3404,3560,170,1,GUNTING,train
3672,3150,3123,2,KERTAS,train
2924,3777,3709,2,KERTAS,test
3459,3495,243,1,GUNTING,test
265,265,40,0,BATU,validation
2927,3028,784,1,GUNTING,train
3745,4068,3542,2,KERTAS,train
308,862,287,0,BATU,test
4008,3179,175,1,GUNTING,train
388,89,1161,0,BATU,train
227,3960,714,3,TIDAK_VALID,train
609,136,310,0,BATU,train
1219,1095,920,0,BATU,train
2933,4082,959,1,GUNTING,test
1057,162,755,0,BATU,train
3179,3094,365,1,GUNTING,test
2798,3226,3935,3,TIDAK_VALID,train
1245,3315,3810,3,TIDAK_VALID,train
3116,2481,1884,3,TIDAK_VALID,test
3080,3720,3086,2,KERTAS,train
3639,3093,664,1,GUNTING,validation
3262,2930,102,1,GUNTING,test
530,959,1033,0,BATU,train
3827,3755,1221,1,GUNTING,validation
2366,285,3292,3,TIDAK_VALID,train
1051,230,730,0,BATU,train
665,986,264,0,BATU,test
3322,3390,414,1,GUNTING,test
3750,3714,3476,2,KERTAS,validation
170,348,829,0,BATU,train
3461,3682,1046,1,GUNTING,test
426,23,203,0,BATU,train
3473,3345,1018,1,GUNTING,validation
3194,3323,3386,2,KERTAS,train
3569,3947,149,1,GUNTING,train
3078,3805,3245,2,KERTAS,train
62,176,237,0,BATU,train
2417,3090,49,3,TIDAK_VALID,train
363,117,31,0,BATU,validation
354,889,82,0,BATU,train
3723,4057,3406,2,KERTAS,validation
3372,3361,220,1,GUNTING,train
3502,2873,3649,2,KERTAS,train
3845,3434,3146,2,KERTAS,train
3474,3713,3816,2,KERTAS,train
3743,3546,3942,2,KERTAS,validation
804,322,4014,3,TIDAK_VALID,validation
696,1166,1277,3,TIDAK_VALID,train
3340,3663,187,1,GUNTING,validation
528,531,311,0,BATU,train
2042,3965,756,3,TIDAK_VALID,test
2825,3176,2123,3,TIDAK_VALID,train
3748,3081,714,1,GUNTING,train
1894,3196,983,3,TIDAK_VALID,train
1269,3109,3521,3,TIDAK_VALID,train
1770,1466,3341,3,TIDAK_VALID,train
326,254,456,0,BATU,validation
2971,3495,554,1,GUNTING,train
317,851,1213,0,BATU,train
2943,3375,776,1,GUNTING,validation
1158,1168,505,0,BATU,train
293,3048,2976,3,TIDAK_VALID,train
1474,1056,3230,3,TIDAK_VALID,train
3676,3099,3594,2,KERTAS,test
3491,3102,3846,2,KERTAS,test
2364,4027,388,3,TIDAK_VALID,train
1103,2685,3011,3,TIDAK_VALID,test
3844,3114,3109,2,KERTAS,validation
3131,3730,3538,2,KERTAS,train
3313,1799,1991,3,TIDAK_VALID,test
180,3361,2689,3,TIDAK_VALID,train
3613,3769,944,1,GUNTING,train
526,884,562,0,BATU,validation
3306,3923,3995,2,KERTAS,train
648,461,1192,0,BATU,train
726,836,484,0,BATU,train
3933,3258,921,1,GUNTING,train
3834,3968,835,1,GUNTING,train
4037,2871,3128,2,KERTAS,train
448,1177,1223,0,BATU,train
515,1187,732,0,BATU,train
3970,3346,3259,2,KERTAS,train
3439,3342,1156,1,GUNTING,train
322,1151,296,0,BATU,train
3654,3305,866,1,GUNTING,test
2054,904,1448,3,TIDAK_VALID,train
908,293,825,0,BATU,train
3240,3578,1139,1,GUNTING,validation
2921,3922,2962,2,KERTAS,train
1866,2264,3471,3,TIDAK_VALID,train
3882,2980,3497,2,KERTAS,train
3982,3180,82,1,GUNTING,validation
3751,3085,899,1,GUNTING,train
3854,3670,247,1,GUNTING,test
3001,3564,3286,2,KERTAS,test
3665,941,2134,3,TIDAK_VALID,train
1136,1011,45,0,BATU,train
817,758,3646,3,TIDAK_VALID,train
189,716,351,0,BATU,train
3031,3494,67,1,GUNTING,train
699,1187,581,0,BATU,validation
3105,3947,182,1,GUNTING,train
2312,1472,3393,3,TIDAK_VALID,train
3913,3889,897,1,GUNTING,train
770,576,1078,0,BATU,test
949,382,845,0,BATU,train
3262,227,2763,3,TIDAK_VALID,train
881,978,919,0,BATU,test
3799,3259,47,1,GUNTING,test
3392,3072,426,1,GUNTING,train
3902,3630,692,1,GUNTING,train
2985,4082,1199,1,GUNTING,validation
3604,3238,3398,2,KERTAS,validation
2980,3163,3980,2,KERTAS,validation
755,1144,109,0,BATU,test
2362,2950,523,3,TIDAK_VALID,validation
3204,3713,3027,2,KERTAS,test
892,566,811,0,BATU,train
3732,1741,2,3,TIDAK_VALID,test
3937,1276,3877,3,TIDAK_VALID,validation
3711,4050,1115,1,GUNTING,train
3420,3814,3318,2,KERTAS,train
695,862,796,0,BATU,train
3872,3195,952,1,GUNTING,train
3355,3852,4018,2,KERTAS,train
3826,3283,4028,2,KERTAS,train
3567,2867,792,1,GUNTING,train
4033,3688,672,1,GUNTING,train
3942,3880,1056,1,GUNTING,train
3523,2884,3,1,GUNTING,train
233,152,682,0,BATU,train
4048,3735,1223,1,GUNTING,train
982,605,737,0,BATU,train
212,393,361,0,BATU,train
914,653,585,0,BATU,train
968,227,691,0,BATU,train
962,102,598,0,BATU,train
3212,3040,4048,2,KERTAS,train
861,560,659,0,BATU,test
3252,3897,2960,2,KERTAS,test
436,556,511,0,BATU,train
324,436,429,0,BATU,train
3421,3643,196,1,GUNTING,train
3007,3028,384,1,GUNTING,validation
835,223,829,0,BATU,train
3035,1501,2078,3,TIDAK_VALID,validation
1037,447,2951,3,TIDAK_VALID,train
2098,1362,1771,3,TIDAK_VALID,test
198,828,74,0,BATU,train
3518,3966,703,1,GUNTING,train
3903,3669,3485,2,KERTAS,train
3046,3545,299,1,GUNTING,validation
3943,3461,3899,2,KERTAS,validation
3723,3295,2868,2,KERTAS,validation
3987,3001,563,1,GUNTING,train
342,374,526,0,BATU,train
3792,3033,1136,1,GUNTING,train
4089,3750,268,1,GUNTING,test
1267,677,1529,3,TIDAK_VALID,train
396,813,1137,0,BATU,test
782,502,920,0,BATU,train
740,1053,120,0,BATU,train
857,823,469,0,BATU,validation
3310,3070,277,1,GUNTING,validation
2779,2541,3612,3,TIDAK_VALID,validation
940,2201,3202,3,TIDAK_VALID,test
865,183,655,0,BATU,train
3478,1315,1121,3,TIDAK_VALID,train
422,499,418,0,BATU,validation
656,948,465,0,BATU,train
618,567,761,0,BATU,validation
744,995,552,0,BATU,validation
3559,3389,3201,2,KERTAS,train
582,1767,2143,3,TIDAK_VALID,train
3713,3600,3959,2,KERTAS,train
3165,3514,275,1,GUNTING,train
3016,3729,3842,2,KERTAS,train
3957,3596,3879,2,KERTAS,train
3302,2882,345,1,GUNTING,train
3591,3929,391,1,GUNTING,train
3970,3558,1129,1,GUNTING,train
721,2517,1211,3,TIDAK_VALID,train
3617,3179,187,1,GUNTING,test
3622,3934,444,1,GUNTING,train
3483,3766,3098,2,KERTAS,train
1060,1667,2513,3,TIDAK_VALID,validation
3804,3168,104,1,GUNTING,train
3375,3833,1117,1,GUNTING,train
3855,3752,3307,2,KERTAS,train
803,416,805,0,BATU,train
3182,3671,2127,3,TIDAK_VALID,train
3059,4064,3759,2,KERTAS,train
3603,3175,3618,2,KERTAS,train
2977,3747,307,1,GUNTING,train
2026,3127,1365,3,TIDAK_VALID,train
540,791,750,0,BATU,train
3647,3399,300,1,GUNTING,train
3216,3303,396,1,GUNTING,train
468,370,774,0,BATU,train
2765,1124,1850,3,TIDAK_VALID,validation
214,939,610,0,BATU,train
1180,887,1128,0,BATU,train
3380,3527,1409,3,TIDAK_VALID,validation
379,156,676,0,BATU,train
650,877,433,0,BATU,test
923,838,3291,3,TIDAK_VALID,validation
3632,3498,3833,2,KERTAS,train
1749,409,1642,3,TIDAK_VALID,train
3789,3437,422,1,GUNTING,train
1928,1493,2556,3,TIDAK_VALID,train
3477,3455,33,1,GUNTING,train
2909,3086,3861,2,KERTAS,validation
910,107,759,0,BATU,test
2868,3602,435,1,GUNTING,train
3849,4054,864,1,GUNTING,train
3600,3175,4012,2,KERTAS,train
3845,3646,3392,2,KERTAS,test
3497,2969,3203,2,KERTAS,train
481,1326,1664,3,TIDAK_VALID,test
3093,2983,428,1,GUNTING,train
3307,3629,2910,2,KERTAS,test
303,939,700,0,BATU,test
3765,3792,3347,2,KERTAS,validation
957,354,143,0,BATU,validation
812,530,919,0,BATU,train
3328,288,2343,3,TIDAK_VALID,train
892,648,254,0,BATU,validation
3259,3102,4081,2,KERTAS,train
3001,3181,886,1,GUNTING,test
967,2751,3194,3,TIDAK_VALID,test
2915,4079,1043,1,GUNTING,train
160,3737,2766,3,TIDAK_VALID,validation
29,491,1075,0,BATU,train
2438,2967,688,3,TIDAK_VALID,train
842,468,204,0,BATU,test
3375,3830,511,1,GUNTING,train
3057,3955,453,1,GUNTING,train
3277,2930,3703,2,KERTAS,validation
717,2941,2923,3,TIDAK_VALID,train
3415,3984,2929,2,KERTAS,validation
3508,4053,580,1,GUNTING,validation
1570,3842,1489,3,TIDAK_VALID,train
3556,3288,34,1,GUNTING,test
114,3922,1187,3,TIDAK_VALID,train
3500,3704,2980,2,KERTAS,test
2275,31,773,3,TIDAK_VALID,train
852,2756,1161,3,TIDAK_VALID,test
3332,3890,3118,2,KERTAS,train
733,534,1134,0,BATU,train
3404,3996,1032,1,GUNTING,train
2932,3755,3418,2,KERTAS,train
4047,2995,650,1,GUNTING,train
1087,815,137,0,BATU,train
3242,3130,3148,2,KERTAS,train
2051,2772,690,3,TIDAK_VALID,validation
2084,3990,1709,3,TIDAK_VALID,train
3116,3945,3715,2,KERTAS,train
3459,3168,3954,2,KERTAS,train
3024,3183,3981,2,KERTAS,train
301,873,1046,0,BATU,train
3437,4047,3712,2,KERTAS,test
701,699,282,0,BATU,test
3349,982,53,3,TIDAK_VALID,train
3424,3538,1129,1,GUNTING,train
1929,3483,3952,3,TIDAK_VALID,train
1260,3024,2834,3,TIDAK_VALID,test
3345,3064,339,1,GUNTING,train
3080,3316,195,1,GUNTING,train
4016,3634,585,1,GUNTING,train
966,2897,363,3,TIDAK_VALID,train
4092,3256,3430,2,KERTAS,train
3730,3556,3157,2,KERTAS,validation
2936,3502,3329,2,KERTAS,validation
236,525,164,0,BATU,validation
3606,4066,3537,2,KERTAS,test
3087,3946,872,1,GUNTING,train
2953,2936,1125,1,GUNTING,train
4049,3197,3045,2,KERTAS,test
984,1027,2486,3,TIDAK_VALID,train
3787,3979,4033,2,KERTAS,test
3971,3758,156,1,GUNTING,train
463,1016,170,0,BATU,train
3858,2994,165,1,GUNTING,train
3577,3739,3107,2,KERTAS,train
3872,3774,1180,1,GUNTING,train
3460,3895,377,1,GUNTING,train
613,42,839,0,BATU,train
3915,3599,2949,2,KERTAS,train
2905,3995,3747,2,KERTAS,train
547,830,1033,0,BATU,train
315,1191,964,0,BATU,train
139,1366,3595,3,TIDAK_VALID,validation
3706,2869,830,1,GUNTING,train
3036,3725,1197,1,GUNTING,train
912,1544,2075,3,TIDAK_VALID,train
4086,4018,3395,2,KERTAS,validation
2892,3607,3205,2,KERTAS,test
3979,2971,3265,2,KERTAS,train
3909,3643,3041,2,KERTAS,test
4060,3995,928,1,GUNTING,train
1479,436,3894,3,TIDAK_VALID,validation
1107,933,110,0,BATU,test
209,85,894,0,BATU,train
3234,3731,3363,2,KERTAS,train
3242,2984,641,1,GUNTING,validation
3620,3147,728,1,GUNTING,train
3841,3169,752,1,GUNTING,train
2973,453,4093,3,TIDAK_VALID,train
3964,3030,3946,2,KERTAS,train
308,1169,338,0,BATU,test
3792,4016,143,1,GUNTING,train
2692,2839,3335,3,TIDAK_VALID,train
2307,953,2031,3,TIDAK_VALID,train
560,2298,2800,3,TIDAK_VALID,train
3150,3003,4032,2,KERTAS,train
1899,2799,3940,3,TIDAK_VALID,train
4007,3378,4,1,GUNTING,train
3798,4085,927,1,GUNTING,train
502,530,778,0,BATU,train
3721,3905,886,1,GUNTING,train
64,3679,3243,3,TIDAK_VALID,train
3170,3922,365,1,GUNTING,train
1236,1994,15,3,TIDAK_VALID,train
2898,3562,493,1,GUNTING,validation
3767,3552,890,1,GUNTING,train
1049,396,669,0,BATU,train
1255,3850,3556,3,TIDAK_VALID,train
1129,560,480,0,BATU,validation
394,931,1154,0,BATU,train
2996,3523,1051,1,GUNTING,train
38,481,246,0,BATU,train
4079,3667,860,1,GUNTING,train
685,923,1016,0,BATU,train
1417,2978,2215,3,TIDAK_VALID,train
2939,2715,2897,3,TIDAK_VALID,train
3791,3013,3716,2,KERTAS,train
742,371,123,0,BATU,test
1065,917,1088,0,BATU,train
354,296,101,0,BATU,train
3806,3416,921,1,GUNTING,train
900,2591,1599,3,TIDAK_VALID,validation
222,266,117,0,BATU,train
3352,3165,2115,3,TIDAK_VALID,train
3544,3541,3268,2,KERTAS,test
3429,2922,529,1,GUNTING,train
3485,3536,3770,2,KERTAS,train
3506,287,2317,3,TIDAK_VALID,test
1890,1587,2279,3,TIDAK_VALID,train
1864,2110,3252,3,TIDAK_VALID,train
265,2269,2058,3,TIDAK_VALID,validation
3718,3608,3281,2,KERTAS,train
605,3764,471,3,TIDAK_VALID,train
3399,3372,384,1,GUNTING,train
2297,740,3469,3,TIDAK_VALID,train
3836,3212,854,1,GUNTING,train
3286,3515,3689,2,KERTAS,train
3203,3290,111,1,GUNTING,train
651,236,341,0,BATU,validation
3591,3861,495,1,GUNTING,train
517,1607,3694,3,TIDAK_VALID,train
469,2546,2323,3,TIDAK_VALID,train
3402,3395,603,1,GUNTING,test
1422,1132,2673,3,TIDAK_VALID,train
2255,1269,209,3,TIDAK_VALID,test
3851,3451,3102,2,KERTAS,train
11,2314,2883,3,TIDAK_VALID,train
3815,3949,1747,3,TIDAK_VALID,train
3948,3873,3744,2,KERTAS,train
3601,3394,871,1,GUNTING,train
3628,3398,322,1,GUNTING,validation
3473,3918,947,1,GUNTING,train
3290,3246,2722,3,TIDAK_VALID,train
3200,3616,437,1,GUNTING,test
3221,3522,645,1,GUNTING,train
693,183,498,0,BATU,test
3946,3280,834,1,GUNTING,train
3583,2868,3206,2,KERTAS,test
3622,3960,740,1,GUNTING,train
3617,4068,90,1,GUNTING,validation
606,1193,468,0,BATU,train
1219,512,662,0,BATU,test
4011,3379,3748,2,KERTAS,train
200,841,417,0,BATU,train
1042,840,240,0,BATU,validation
2868,3449,48,1,GUNTING,train
58,352,172,0,BATU,train
3287,3964,1139,1,GUNTING,test
463,884,1090,0,BATU,train
2432,597,1545,3,TIDAK_VALID,test
820,145,3710,3,TIDAK_VALID,train
353,3465,33,3,TIDAK_VALID,train
3721,1591,2085,3,TIDAK_VALID,train
3973,3916,66,1,GUNTING,train
3125,3246,250,1,GUNTING,train
3047,3379,529,1,GUNTING,test
3817,3896,4024,2,KERTAS,train
144,2905,4032,3,TIDAK_VALID,train
3756,4049,3123,2,KERTAS,train
3252,3526,3284,2,KERTAS,train
2751,1924,3315,3,TIDAK_VALID,validation
307,171,1057,0,BATU,train
635,745,452,0,BATU,test
1365,1411,2172,3,TIDAK_VALID,validation
521,1801,12,3,TIDAK_VALID,validation
614,2596,3557,3,TIDAK_VALID,train
254,519,216,0,BATU,train
3687,771,448,3,TIDAK_VALID,validation
753,3253,3542,3,TIDAK_VALID,validation
485,967,1122,0,BATU,train
4034,3388,3835,2,KERTAS,train
3216,4082,2937,2,KERTAS,train
3783,3851,1076,1,GUNTING,train
3408,3581,288,1,GUNTING,train
3854,3155,905,1,GUNTING,validation
3572,3450,653,1,GUNTING,train
1131,203,350,0,BATU,train
3884,3037,1118,1,GUNTING,train
3866,3064,812,1,GUNTING,train
3729,4083,3754,2,KERTAS,train
2878,3400,2976,2,KERTAS,train
1649,371,1529,3,TIDAK_VALID,validation
1589,232,1674,3,TIDAK_VALID,train
379,1171,357,0,BATU,validation
3280,3949,2571,3,TIDAK_VALID,validation
3466,3972,3464,2,KERTAS,test
1073,852,49,0,BATU,train
2669,2515,223,3,TIDAK_VALID,train
3460,3140,3709,2,KERTAS,train
3311,4009,1150,1,GUNTING,test
518,1669,1255,3,TIDAK_VALID,train
3553,3276,3714,2,KERTAS,validation
3004,3182,3091,2,KERTAS,train
722,287,1343,3,TIDAK_VALID,validation
1698,1372,2522,3,TIDAK_VALID,validation
530,735,1103,0,BATU,train
3109,2971,3152,2,KERTAS,train
3680,3641,1155,1,GUNTING,train
4048,3823,767,1,GUNTING,validation
488,718,157,0,BATU,train
3380,3608,4041,2,KERTAS,train
821,557,3024,3,TIDAK_VALID,test
1044,2137,61,3,TIDAK_VALID,train
3982,3741,2929,2,KERTAS,train
3983,3730,4016,2,KERTAS,train
1429,1606,3063,3,TIDAK_VALID,train
3827,3236,765,1,GUNTING,validation
1149,574,242,0,BATU,train
4027,3122,839,1,GUNTING,train
3564,3035,693,1,GUNTING,train
3390,2984,868,1,GUNTING,validation
860,384,1022,0,BATU,train
3066,3887,2061,3,TIDAK_VALID,test
3909,3489,274,1,GUNTING,train
1027,3531,1572,3,TIDAK_VALID,train
3634,3128,3417,2,KERTAS,train
3523,3060,3419,2,KERTAS,train
3783,1808,1713,3,TIDAK_VALID,validation
3487,3140,3332,2,KERTAS,train
3574,3309,750,1,GUNTING,train
3433,3669,626,1,GUNTING,train
3866,933,2768,3,TIDAK_VALID,train
1082,887,44,0,BATU,test
3924,3242,2279,3,TIDAK_VALID,test
3120,3250,219,1,GUNTING,train
561,475,444,0,BATU,train
806,44,7,0,BATU,train
3806,3832,3721,2,KERTAS,train
3390,3576,1968,3,TIDAK_VALID,train
3614,3195,273,1,GUNTING,train
17,282,162,0,BATU,train
3267,3209,190,1,GUNTING,validation
3143,3211,543,1,GUNTING,train
2915,3724,4089,2,KERTAS,test
3823,3600,3861,2,KERTAS,train
2877,3327,3882,2,KERTAS,test
2578,3460,2264,3,TIDAK_VALID,train
722,882,544,0,BATU,train
417,1022,2435,3,TIDAK_VALID,train
1222,1072,1093,0,BATU,train
4087,2877,870,1,GUNTING,validation
4066,2873,3749,2,KERTAS,train
3144,3511,1140,1,GUNTING,train
2952,3008,3645,2,KERTAS,train
607,369,586,0,BATU,train
2080,1742,2872,3,TIDAK_VALID,train
3188,2990,904,1,GUNTING,validation
3092,3413,3099,2,KERTAS,train
3931,3158,3599,2,KERTAS,train
1245,1560,4051,3,TIDAK_VALID,train
3234,2509,3330,3,TIDAK_VALID,train
4045,3801,787,1,GUNTING,train
4040,3845,3377,2,KERTAS,validation
698,205,462,0,BATU,test
460,200,330,0,BATU,test
3656,3320,3447,2,KERTAS,train
3017,1196,1854,3,TIDAK_VALID,train
3594,3056,373,1,GUNTING,train
3317,3783,153,1,GUNTING,train
3972,3721,3055,2,KERTAS,validation
1126,369,325,0,BATU,validation
720,606,103,0,BATU,train
2423,1797,3100,3,TIDAK_VALID,train
2925,2912,3349,2,KERTAS,train
1122,1109,1019,0,BATU,train
3315,3863,1012,1,GUNTING,test
2993,1171,2639,3,TIDAK_VALID,validation
2034,3421,1739,3,TIDAK_VALID,train
3024,3005,768,1,GUNTING,test
249,663,591,0,BATU,train
3252,1332,1786,3,TIDAK_VALID,train
3796,4093,588,1,GUNTING,train
405,1171,45,0,BATU,test
3280,668,2758,3,TIDAK_VALID,train
3518,441,2596,3,TIDAK_VALID,train
3525,2938,215,1,GUNTING,validation
47,674,553,0,BATU,test
3594,2898,9,1,GUNTING,train
316,2837,3418,3,TIDAK_VALID,train
2920,3663,3559,2,KERTAS,train
2882,3409,3446,2,KERTAS,train
462,1212,882,0,BATU,train
1038,546,1494,3,TIDAK_VALID,train
4053,3204,3808,2,KERTAS,train
1979,483,3365,3,TIDAK_VALID,validation
3509,3754,1958,3,TIDAK_VALID,train
1672,167,270,3,TIDAK_VALID,test
857,116,1199,0,BATU,train
2478,105,2959,3,TIDAK_VALID,validation
1759,3007,684,3,TIDAK_VALID,train
3998,3828,2999,2,KERTAS,test
3964,3635,3569,2,KERTAS,train
1882,1845,586,3,TIDAK_VALID,train
3928,3966,2968,2,KERTAS,test
366,1075,66,0,BATU,test
3832,3593,124,1,GUNTING,train
3354,3675,1117,1,GUNTING,validation
2052,755,2649,3,TIDAK_VALID,validation
590,3295,244,3,TIDAK_VALID,train
207,348,514,0,BATU,train
71,1134,698,0,BATU,train
160,584,279,0,BATU,train
3185,3374,516,1,GUNTING,validation
1200,391,567,0,BATU,train
1472,2914,1666,3,TIDAK_VALID,validation
3767,252,127,3,TIDAK_VALID,test
1191,1210,354,0,BATU,train
3119,3793,3335,2,KERTAS,validation
4074,1760,4054,3,TIDAK_VALID,train
3868,3899,3589,2,KERTAS,train
3250,4073,1185,1,GUNTING,train
3411,3625,1067,1,GUNTING,train
3402,3294,836,1,GUNTING,validation
3848,3291,632,1,GUNTING,validation
3468,2959,833,1,GUNTING,train
3676,3554,376,1,GUNTING,train
3688,3555,1087,1,GUNTING,train
2136,2762,2764,3,TIDAK_VALID,train
3878,3354,3774,2,KERTAS,train
3301,3184,3325,2,KERTAS,test
182,1122,636,0,BATU,train
233,1104,311,0,BATU,train
3634,3521,3566,2,KERTAS,train
3564,3295,3270,2,KERTAS,test
3582,3373,571,1,GUNTING,train
3886,2352,1988,3,TIDAK_VALID,train
3442,3706,3801,2,KERTAS,train
436,1980,3459,3,TIDAK_VALID,train
4009,3853,3051,2,KERTAS,test
3006,3463,3249,2,KERTAS,train
2224,3723,3288,3,TIDAK_VALID,train
2848,2031,2560,3,TIDAK_VALID,train
1065,140,900,0,BATU,train
434,1066,337,0,BATU,test
3136,3734,3676,2,KERTAS,train
399,981,1177,0,BATU,train
1373,3192,433,3,TIDAK_VALID,train
3327,3734,3551,2,KERTAS,train
516,188,191,0,BATU,validation
1423,421,1237,3,TIDAK_VALID,validation
1857,84,3637,3,TIDAK_VALID,validation
2466,2366,203,3,TIDAK_VALID,train
4059,3430,3268,2,KERTAS,train
2953,2889,31,1,GUNTING,train
640,527,571,0,BATU,train
2965,3986,915,1,GUNTING,train
3474,2858,2173,3,TIDAK_VALID,train
3664,413,3536,3,TIDAK_VALID,train
2668,460,1834,3,TIDAK_VALID,test
1496,177,2279,3,TIDAK_VALID,train
3265,3261,3945,2,KERTAS,validation
275,460,115,0,BATU,validation
1166,120,780,0,BATU,validation
906,88,634,0,BATU,train
3050,4008,447,1,GUNTING,train
3505,190,1284,3,TIDAK_VALID,train
3629,3375,578,1,GUNTING,train
3866,3064,3122,2,KERTAS,train
3243,2909,346,1,GUNTING,train
4071,3050,2917,2,KERTAS,test
3805,3739,3273,2,KERTAS,train
934,949,254,0,BATU,train
3592,3046,919,1,GUNTING,train
3074,3873,1004,1,GUNTING,train
243,1058,1011,0,BATU,train
61,485,1125,0,BATU,test
3654,979,1309,3,TIDAK_VALID,train
1810,2429,3409,3,TIDAK_VALID,train
562,25,307,0,BATU,train
2350,2084,339,3,TIDAK_VALID,train
3152,3023,815,1,GUNTING,validation
1482,1579,2129,3,TIDAK_VALID,train
2997,4062,1062,1,GUNTING,train
790,43,44,0,BATU,test
3426,4009,690,1,GUNTING,train
3392,3280,3052,2,KERTAS,train
1846,3795,4022,3,TIDAK_VALID,validation
2922,3879,517,1,GUNTING,train
2774,3168,1724,3,TIDAK_VALID,train
3731,3874,3438,2,KERTAS,train
3022,3267,153,1,GUNTING,test
885,1183,961,0,BATU,train
983,221,799,0,BATU,validation
3986,3004,453,1,GUNTING,test
3949,3354,299,1,GUNTING,validation
3706,2928,1209,1,GUNTING,test
3220,2946,430,1,GUNTING,train
3583,4084,297,1,GUNTING,train
137,472,74,0,BATU,train
299,1057,959,0,BATU,validation
897,2721,2274,3,TIDAK_VALID,train
3417,2886,1184,1,GUNTING,train
791,1011,545,0,BATU,train
3302,3067,278,1,GUNTING,train
3950,3957,2870,2,KERTAS,test
1994,1503,3050,3,TIDAK_VALID,test
3489,4003,4083,2,KERTAS,train
3640,4016,981,1,GUNTING,train
203,1752,3468,3,TIDAK_VALID,train
3913,3163,661,1,GUNTING,train
1142,987,269,0,BATU,test
1159,156,978,0,BATU,train
3946,3453,3519,2,KERTAS,train
817,1916,1045,3,TIDAK_VALID,train
2121,1448,307,3,TIDAK_VALID,train
3195,2158,715,3,TIDAK_VALID,train
3100,3252,4017,2,KERTAS,validation
2436,869,756,3,TIDAK_VALID,train
218,3678,22,3,TIDAK_VALID,train
572,642,938,0,BATU,train
4039,3199,627,1,GUNTING,test
3379,3947,70,1,GUNTING,train
3133,3239,3517,2,KERTAS,train
3455,3800,1403,3,TIDAK_VALID,train
3647,3333,1135,1,GUNTING,train
1610,376,15,3,TIDAK_VALID,train
3930,2883,995,1,GUNTING,test
2887,3448,202,1,GUNTING,train
3200,3306,588,1,GUNTING,train
159,199,2540,3,TIDAK_VALID,train
2761,2006,2305,3,TIDAK_VALID,test
954,996,874,0,BATU,train
1174,386,3,0,BATU,test
3880,4094,455,1,GUNTING,test
728,280,783,0,BATU,train
3170,3680,192,1,GUNTING,train
3211,3361,3626,2,KERTAS,train
3249,3141,965,1,GUNTING,train
3616,3040,610,1,GUNTING,test
3427,3258,597,1,GUNTING,validation
3773,3047,302,1,GUNTING,validation
383,938,513,0,BATU,validation
2562,2307,2930,3,TIDAK_VALID,validation
2885,3982,4034,2,KERTAS,validation
1228,408,590,0,BATU,test
919,1606,1214,3,TIDAK_VALID,test
3120,2959,3811,2,KERTAS,test
707,1065,306,0,BATU,test
3950,3124,112,1,GUNTING,train
3029,3975,3538,2,KERTAS,train
4045,4027,878,1,GUNTING,train
3822,3878,493,1,GUNTING,validation
516,231,416,0,BATU,train
3117,4091,1142,1,GUNTING,test
1199,21,761,0,BATU,test
571,2913,908,3,TIDAK_VALID,train
3931,4000,684,1,GUNTING,train
3661,3382,215,1,GUNTING,train
3476,2238,3669,3,TIDAK_VALID,test
3377,3174,661,1,GUNTING,train
3179,3261,3500,2,KERTAS,train
34,902,161,0,BATU,test
3282,1144,23,3,TIDAK_VALID,test
1235,2877,415,3,TIDAK_VALID,train
2176,3015,3997,3,TIDAK_VALID,validation
3273,3527,79,1,GUNTING,validation
251,2253,2393,3,TIDAK_VALID,train
1931,342,73,3,TIDAK_VALID,train
3311,3475,823,1,GUNTING,test
3019,3378,1069,1,GUNTING,train
2939,3812,3196,2,KERTAS,train
3013,3802,3122,2,KERTAS,validation
3363,3825,3780,2,KERTAS,validation
3035,3048,3602,2,KERTAS,train
2447,3046,2806,3,TIDAK_VALID,validation
697,488,547,0,BATU,train
852,1041,292,0,BATU,train
1518,2558,3196,3,TIDAK_VALID,validation
464,1244,3510,3,TIDAK_VALID,validation
2993,3194,3998,2,KERTAS,test
868,649,1076,0,BATU,validation
3085,2991,940,1,GUNTING,train
3306,720,3821,3,TIDAK_VALID,train
1808,3037,2862,3,TIDAK_VALID,train
2961,3576,3021,2,KERTAS,train
3648,4075,3967,2,KERTAS,train
3847,4076,3561,2,KERTAS,train
1848,803,732,3,TIDAK_VALID,train
3928,2917,178,1,GUNTING,train
3928,661,923,3,TIDAK_VALID,test
3986,2965,3569,2,KERTAS,validation
1146,1205,86,0,BATU,train
92,897,1043,0,BATU,train
3002,4003,3505,2,KERTAS,train
78,240,698,0,BATU,train
550,3047,1921,3,TIDAK_VALID,train
926,3068,1195,3,TIDAK_VALID,test
3414,4027,3586,2,KERTAS,validation
774,420,838,0,BATU,test
585,1149,73,0,BATU,train
1908,3438,1986,3,TIDAK_VALID,train
459,116,917,0,BATU,train
3532,2883,4045,2,KERTAS,train
3425,4039,352,1,GUNTING,train
3858,1026,3280,3,TIDAK_VALID,train
3363,3526,565,1,GUNTING,train
1018,406,12,0,BATU,test
3467,3161,3252,2,KERTAS,train
1126,1948,3666,3,TIDAK_VALID,train
3027,3112,3236,2,KERTAS,validation
2997,3611,733,1,GUNTING,validation
4075,3677,725,1,GUNTING,validation
537,264,502,0,BATU,train
3956,2909,28,1,GUNTING,validation
980,3222,1415,3,TIDAK_VALID,train
1895,2104,2721,3,TIDAK_VALID,test
488,222,722,0,BATU,validation
3956,3575,3009,2,KERTAS,train
3307,3624,432,1,GUNTING,train
3449,3244,450,1,GUNTING,test
513,105,155,0,BATU,validation
711,79,565,0,BATU,test
3236,2929,430,1,GUNTING,test
687,461,579,0,BATU,validation
833,1001,289,0,BATU,train
3121,4011,3363,2,KERTAS,train
2469,1657,2257,3,TIDAK_VALID,train
1047,703,263,0,BATU,train
3171,3247,306,1,GUNTING,train
3631,3370,978,1,GUNTING,test
3445,3409,3787,2,KERTAS,test
2551,3000,1164,3,TIDAK_VALID,validation
1951,727,1998,3,TIDAK_VALID,train
3048,3301,473,1,GUNTING,train
3993,3249,3678,2,KERTAS,train
3152,3740,3058,2,KERTAS,train
3264,3159,17,1,GUNTING,train
2171,2366,2864,3,TIDAK_VALID,train
3010,3572,3097,2,KERTAS,train
3320,3203,896,1,GUNTING,train
3637,3040,2895,2,KERTAS,train
3995,3462,465,1,GUNTING,test
3034,3636,3258,2,KERTAS,train
843,15,558,0,BATU,train
3625,3316,4055,2,KERTAS,train
3024,3128,3827,2,KERTAS,train
39,177,755,0,BATU,train
3168,3633,173,1,GUNTING,test
3937,3026,100,1,GUNTING,validation
1070,815,536,0,BATU,validation
3190,3455,3279,2,KERTAS,train
3316,2919,464,1,GUNTING,train
3279,2586,3329,3,TIDAK_VALID,train
2933,609,4005,3,TIDAK_VALID,train
2710,66,2887,3,TIDAK_VALID,train
3241,3307,3633,2,KERTAS,train
443,630,905,0,BATU,train
2564,370,1502,3,TIDAK_VALID,validation
3737,4031,112,1,GUNTING,train
2958,3701,880,1,GUNTING,train
1447,973,502,3,TIDAK_VALID,train
3122,3096,3470,2,KERTAS,train
684,364,209,0,BATU,train
2941,583,213,3,TIDAK_VALID,test
541,679,804,0,BATU,train
147,569,915,0,BATU,validation
3457,1794,3913,3,TIDAK_VALID,train
2917,3118,3009,2,KERTAS,test
3653,2965,3585,2,KERTAS,train
584,328,634,0,BATU,validation
457,2881,1765,3,TIDAK_VALID,train
278,618,1217,0,BATU,train
3353,3375,744,1,GUNTING,train
61,2942,325,3,TIDAK_VALID,test
3838,3163,1062,1,GUNTING,train
3171,3440,3576,2,KERTAS,validation
3014,234,1742,3,TIDAK_VALID,train
3832,3733,4057,2,KERTAS,train
779,1206,762,0,BATU,train
666,2642,3021,3,TIDAK_VALID,validation
1071,740,164,0,BATU,train
750,545,1150,0,BATU,train
3861,2222,1845,3,TIDAK_VALID,train
634,1150,1200,0,BATU,train
466,635,911,0,BATU,train
3280,3524,88,1,GUNTING,test
424,312,815,0,BATU,validation
3091,2950,806,1,GUNTING,train
3553,2871,3213,2,KERTAS,test
3649,3228,2976,2,KERTAS,train
3205,3107,3129,2,KERTAS,train
1016,594,826,0,BATU,test
3511,3951,359,1,GUNTING,train
3087,3383,87,1,GUNTING,train
3343,3548,116,1,GUNTING,train
2879,3636,3015,2,KERTAS,train
3896,3568,3258,2,KERTAS,validation
3365,1896,970,3,TIDAK_VALID,train
1293,597,1783,3,TIDAK_VALID,train
233,95,1066,0,BATU,validation
984,136,370,0,BATU,test
4088,3117,2879,2,KERTAS,test
4033,3517,804,1,GUNTING,test
3686,3322,4059,2,KERTAS,train
4035,3511,2894,2,KERTAS,train
181,1393,1439,3,TIDAK_VALID,train
2885,2952,240,1,GUNTING,train
742,2299,4016,3,TIDAK_VALID,train
3175,2365,1064,3,TIDAK_VALID,train
1937,1194,3237,3,TIDAK_VALID,train
133,295,336,0,BATU,train
266,1057,797,0,BATU,train
1013,381,177,0,BATU,train
3441,3516,3193,2,KERTAS,train
3001,3438,3563,2,KERTAS,test
3548,3330,3046,2,KERTAS,train
912,911,2457,3,TIDAK_VALID,train
1162,465,947,0,BATU,train
897,3244,1782,3,TIDAK_VALID,train
3948,3037,936,1,GUNTING,validation
3048,2955,2230,3,TIDAK_VALID,train
3558,3019,803,1,GUNTING,validation
3834,2941,1189,1,GUNTING,validation
642,263,172,0,BATU,train
3941,1830,1443,3,TIDAK_VALID,train
1122,109,500,0,BATU,train
1529,1219,1336,3,TIDAK_VALID,train
3703,3563,3404,2,KERTAS,train
3801,3744,3099,2,KERTAS,test
3464,3144,3221,2,KERTAS,train
4062,3810,3115,2,KERTAS,train
551,378,735,0,BATU,train
601,743,1420,3,TIDAK_VALID,validation
1785,3168,3,3,TIDAK_VALID,validation
2826,2224,3429,3,TIDAK_VALID,train
109,486,918,0,BATU,train
1016,341,146,0,BATU,validation
185,109,828,0,BATU,train
3305,3411,808,1,GUNTING,train
696,677,1018,0,BATU,train
1127,1109,839,0,BATU,validation
1754,3285,1863,3,TIDAK_VALID,train
154,1170,592,0,BATU,train
3646,3100,3018,2,KERTAS,train
587,518,82,0,BATU,train
3785,1623,3932,3,TIDAK_VALID,train
3816,3677,3664,2,KERTAS,train
342,265,839,0,BATU,test
3583,3437,4067,2,KERTAS,train
1011,326,1181,0,BATU,test
197,952,610,0,BATU,train
3187,3749,3777,2,KERTAS,train
2664,2362,3077,3,TIDAK_VALID,train
3965,3417,3834,2,KERTAS,validation
1159,816,653,0,BATU,validation
3283,3605,2964,2,KERTAS,train
3209,4085,4001,2,KERTAS,train
15,626,623,0,BATU,train
3435,3325,3685,2,KERTAS,train
2887,3203,1174,1,GUNTING,train
312,2020,785,3,TIDAK_VALID,validation
1419,1228,2380,3,TIDAK_VALID,train
161,3747,2354,3,TIDAK_VALID,train
3464,3621,855,1,GUNTING,validation
2959,3308,2877,2,KERTAS,train
3558,3726,921,1,GUNTING,train
3180,3740,806,1,GUNTING,train
2786,2052,2220,3,TIDAK_VALID,validation
3925,2903,3759,2,KERTAS,test
3858,3926,260,1,GUNTING,train
695,508,1012,0,BATU,train
2749,1563,3465,3,TIDAK_VALID,validation
576,564,248,0,BATU,validation
3309,3181,2995,2,KERTAS,train
3582,3453,3803,2,KERTAS,validation
3801,3902,70,1,GUNTING,train
522,63,826,0,BATU,train
619,119,22,0,BATU,validation
3698,970,495,3,TIDAK_VALID,train
2957,2880,151,1,GUNTING,train
188,1104,2,0,BATU,test
1076,168,393,0,BATU,train
364,1790,4056,3,TIDAK_VALID,test
4068,722,315,3,TIDAK_VALID,train
2315,1112,3681,3,TIDAK_VALID,test
3629,3140,2574,3,TIDAK_VALID,train
845,134,401,0,BATU,test
3358,3004,2940,2,KERTAS,test
3877,2968,3399,2,KERTAS,test
3869,2912,325,1,GUNTING,train
2869,3626,3166,2,KERTAS,train
3310,3417,3852,2,KERTAS,train
3985,3240,3906,2,KERTAS,validation
27,67,244,0,BATU,test
3925,3189,3650,2,KERTAS,validation
3280,3731,3708,2,KERTAS,validation
3898,3581,3460,2,KERTAS,train
3308,3612,3780,2,KERTAS,test
3365,3396,3191,2,KERTAS,train
912,53,2088,3,TIDAK_VALID,train
1070,962,449,0,BATU,validation
2372,2562,2336,3,TIDAK_VALID,train
3067,3543,2996,2,KERTAS,train
940,862,385,0,BATU,validation
3365,3364,875,1,GUNTING,train
1861,2877,1752,3,TIDAK_VALID,train
3789,3226,1093,1,GUNTING,train
15,684,629,0,BATU,train
4021,3905,3986,2,KERTAS,test
1682,1539,3743,3,TIDAK_VALID,train
654,789,568,0,BATU,train
1007,757,2586,3,TIDAK_VALID,train
3991,3036,481,1,GUNTING,validation
4045,3436,1141,1,GUNTING,validation
3824,3226,988,1,GUNTING,train
3477,3694,3326,2,KERTAS,train
3677,4069,915,1,GUNTING,train
2211,1863,982,3,TIDAK_VALID,train
3916,3573,3474,2,KERTAS,train
3399,3939,2488,3,TIDAK_VALID,train
2768,1525,2100,3,TIDAK_VALID,train
3520,3670,609,1,GUNTING,test
2032,3921,341,3,TIDAK_VALID,test
2974,2919,3649,2,KERTAS,train
2809,1272,4026,3,TIDAK_VALID,train
3848,3954,3375,2,KERTAS,train
327,619,111,0,BATU,train
1143,621,1007,0,BATU,train
31,322,570,0,BATU,train
961,39,525,0,BATU,test
3804,4035,172,1,GUNTING,train
1029,607,142,0,BATU,train
3070,87,913,3,TIDAK_VALID,train
47,836,691,0,BATU,train
3286,3850,156,1,GUNTING,validation
964,876,1092,0,BATU,test
1181,219,245,0,BATU,train
828,274,630,0,BATU,validation
3420,3121,643,1,GUNTING,train
627,39,750,0,BATU,test
30,1156,133,0,BATU,train
870,914,1394,3,TIDAK_VALID,test
1843,3891,1797,3,TIDAK_VALID,train
3108,2894,956,1,GUNTING,validation
3017,2161,3996,3,TIDAK_VALID,train
1874,4080,1464,3,TIDAK_VALID,validation
1077,2928,3923,3,TIDAK_VALID,test
159,295,657,0,BATU,validation
463,2889,3482,3,TIDAK_VALID,train
3049,3415,667,1,GUNTING,train
3122,3233,1014,1,GUNTING,validation
2275,1144,3089,3,TIDAK_VALID,train
3400,3736,984,1,GUNTING,train
853,632,437,0,BATU,test
3738,3367,3038,2,KERTAS,train
3761,3991,637,1,GUNTING,train
3617,3898,3034,2,KERTAS,train
265,0,316,0,BATU,validation
4012,3660,1168,1,GUNTING,train
3627,2962,2908,2,KERTAS,validation
547,672,180,0,BATU,train
4045,3703,664,1,GUNTING,validation
904,433,2149,3,TIDAK_VALID,train
806,338,80,0,BATU,train
3154,4051,3594,2,KERTAS,train
4062,3669,1110,1,GUNTING,validation
367,725,488,0,BATU,train
2478,2080,504,3,TIDAK_VALID,train
257,14,346,0,BATU,test
411,204,554,0,BATU,train
961,919,1001,0,BATU,train
3110,2963,4036,2,KERTAS,train
187,3433,3337,3,TIDAK_VALID,validation
3581,3241,1768,3,TIDAK_VALID,train
2943,3794,631,1,GUNTING,train
1182,1116,860,0,BATU,train
2963,3798,1182,1,GUNTING,train
95,221,654,0,BATU,test
3684,3707,3199,2,KERTAS,test
3215,3387,341,1,GUNTING,train
44,2526,1678,3,TIDAK_VALID,test
3389,4083,3735,2,KERTAS,train
3451,2404,1614,3,TIDAK_VALID,train
3069,3194,119,1,GUNTING,validation
170,904,547,0,BATU,validation
2883,3803,3667,2,KERTAS,test
1476,648,433,3,TIDAK_VALID,train
3651,3499,1045,1,GUNTING,train
3603,3195,3858,2,KERTAS,validation
867,371,1109,0,BATU,train
3553,3396,725,1,GUNTING,test
3516,3637,3105,2,KERTAS,test
3895,2924,214,1,GUNTING,train
3944,3016,140,1,GUNTING,train
3834,3915,488,1,GUNTING,train
4086,2924,755,1,GUNTING,validation
717,247,69,0,BATU,validation
3350,3506,3429,2,KERTAS,test
703,252,2676,3,TIDAK_VALID,train
3880,3118,3056,2,KERTAS,test
3419,3006,697,1,GUNTING,train
1705,1005,3051,3,TIDAK_VALID,train
3100,3853,466,1,GUNTING,validation
1131,1165,360,0,BATU,validation
363,365,594,0,BATU,validation
1085,1454,3920,3,TIDAK_VALID,train
488,370,600,0,BATU,train
3749,3563,610,1,GUNTING,train
2911,1157,2222,3,TIDAK_VALID,train
707,2516,1704,3,TIDAK_VALID,train
4001,869,2829,3,TIDAK_VALID,train
821,579,694,0,BATU,train
3115,2934,171,1,GUNTING,train
1118,362,699,0,BATU,train
2850,2705,3158,3,TIDAK_VALID,train
3607,2935,207,1,GUNTING,train
664,225,394,0,BATU,train
3603,4008,3889,2,KERTAS,train
189,738,147,0,BATU,train
959,1153,895,0,BATU,train
2244,2426,1260,3,TIDAK_VALID,train
407,1106,949,0,BATU,test
3423,2974,886,1,GUNTING,train
650,1085,934,0,BATU,train
3012,3496,203,1,GUNTING,train
3056,4011,936,1,GUNTING,train
3034,3995,2928,2,KERTAS,train
3560,2290,3793,3,TIDAK_VALID,validation
422,1721,2631,3,TIDAK_VALID,validation
3718,3909,3296,2,KERTAS,train
447,386,194,0,BATU,train
3088,3040,3315,2,KERTAS,train
3939,3241,3361,2,KERTAS,test
633,314,1150,0,BATU,train
2920,3407,951,1,GUNTING,train
4056,3393,3207,2,KERTAS,train
3226,4038,485,1,GUNTING,train
99,298,1088,0,BATU,validation
204,2941,976,3,TIDAK_VALID,train
3461,4035,981,1,GUNTING,train
3206,3490,3218,2,KERTAS,train
3716,3739,3064,2,KERTAS,train
962,253,229,0,BATU,train
3930,3346,3883,2,KERTAS,train
4072,2904,891,1,GUNTING,test
3165,2942,1069,1,GUNTING,validation
3634,3034,3104,2,KERTAS,test
3847,1500,167,3,TIDAK_VALID,test
3187,3840,3108,2,KERTAS,train
3812,3962,670,1,GUNTING,train
3360,3719,3919,2,KERTAS,train
183,990,266,0,BATU,validation
3267,3712,50,1,GUNTING,train
3989,3227,3014,2,KERTAS,train
2436,3516,1289,3,TIDAK_VALID,test
239,3192,866,3,TIDAK_VALID,validation
3088,3941,2928,2,KERTAS,test
3831,3548,377,1,GUNTING,train
3304,3027,1060,1,GUNTING,validation
3758,3725,2899,2,KERTAS,train
4006,2898,3535,2,KERTAS,test
567,94,263,0,BATU,test
3010,3149,3766,2,KERTAS,test
4035,3352,3611,2,KERTAS,validation
2876,2897,3950,2,KERTAS,train
2502,2249,3559,3,TIDAK_VALID,train
3088,3826,3601,2,KERTAS,train
3322,4028,3646,2,KERTAS,validation
3205,2898,3192,2,KERTAS,test
905,992,1014,0,BATU,test
960,1124,1166,0,BATU,validation
3950,2998,706,1,GUNTING,train
3128,3708,3884,2,KERTAS,train
3975,3845,1163,1,GUNTING,train
3301,278,1368,3,TIDAK_VALID,train
3591,3003,98,1,GUNTING,train
28,111,887,0,BATU,train
1055,150,1138,0,BATU,train
838,733,2403,3,TIDAK_VALID,train
3344,3867,213,1,GUNTING,test
863,626,918,0,BATU,validation
3758,3215,87,1,GUNTING,train
1068,216,342,0,BATU,validation
3035,3707,603,1,GUNTING,train
3322,1562,4031,3,TIDAK_VALID,train
3566,3167,3350,2,KERTAS,test
2878,3031,2761,3,TIDAK_VALID,train
3337,2775,3976,3,TIDAK_VALID,test
60,288,764,0,BATU,train
799,111,1102,0,BATU,train
2943,2898,737,1,GUNTING,train
3289,3454,3383,2,KERTAS,train
3965,3164,1118,1,GUNTING,test
2912,3645,3980,2,KERTAS,train
1967,2935,2991,3,TIDAK_VALID,train
3412,3173,528,1,GUNTING,train
3222,3726,9,1,GUNTING,train
3384,3414,3964,2,KERTAS,validation
2811,2763,2019,3,TIDAK_VALID,train
3060,2994,618,1,GUNTING,train
2441,2687,830,3,TIDAK_VALID,train
532,538,301,0,BATU,train
3519,3857,3968,2,KERTAS,train
89,1034,68,0,BATU,train
795,421,501,0,BATU,train
3963,3741,497,1,GUNTING,test
3562,3134,1192,1,GUNTING,test
3480,3559,326,1,GUNTING,validation
3110,3510,3033,2,KERTAS,train
3601,3409,300,1,GUNTING,train
3840,3468,3050,2,KERTAS,train
400,1117,651,0,BATU,train
1175,339,772,0,BATU,validation
2945,3772,125,1,GUNTING,train
451,1037,655,0,BATU,validation
3403,4043,3492,2,KERTAS,train
980,779,571,0,BATU,test
3350,1071,4077,3,TIDAK_VALID,train
2179,3898,4076,3,TIDAK_VALID,train
2128,2594,1686,3,TIDAK_VALID,train
3268,3463,2554,3,TIDAK_VALID,train
3660,3870,203,1,GUNTING,test
1208,515,632,0,BATU,train
3400,82,1871,3,TIDAK_VALID,test
3121,3555,659,1,GUNTING,train
3268,2881,2910,2,KERTAS,train
2699,1900,1198,3,TIDAK_VALID,train
797,727,839,0,BATU,validation
338,1209,887,0,BATU,validation
2673,3086,3792,3,TIDAK_VALID,test
3894,3077,752,1,GUNTING,train
694,1009,886,0,BATU,test
2981,2956,228,1,GUNTING,train
3034,3372,3409,2,KERTAS,train
4024,3944,3384,2,KERTAS,test
1867,1226,3404,3,TIDAK_VALID,validation
3261,3374,3928,2,KERTAS,train
3756,1453,3511,3,TIDAK_VALID,train
3100,2942,551,1,GUNTING,train
3685,3885,340,1,GUNTING,train
3984,3948,3878,2,KERTAS,train
3105,2880,315,1,GUNTING,validation
2977,3564,3346,2,KERTAS,train
2901,3697,422,1,GUNTING,train
1529,2540,736,3,TIDAK_VALID,train
3791,663,3601,3,TIDAK_VALID,train
3308,3021,3313,2,KERTAS,train
38,759,833,0,BATU,train
210,853,1029,0,BATU,test
3995,74,3899,3,TIDAK_VALID,train
2479,1430,2729,3,TIDAK_VALID,test
1278,220,17,3,TIDAK_VALID,train
3982,1925,3745,3,TIDAK_VALID,train
656,3165,996,3,TIDAK_VALID,train
3040,3371,3939,2,KERTAS,train
1106,892,84,0,BATU,train
3855,3185,1147,1,GUNTING,test
3052,3182,952,1,GUNTING,train
63,921,316,0,BATU,train
336,346,905,0,BATU,validation
2901,3776,1139,1,GUNTING,train
3650,4047,3393,2,KERTAS,train
1111,865,5,0,BATU,validation
3012,3577,3775,2,KERTAS,test
3353,2984,3560,2,KERTAS,train
4038,3460,747,1,GUNTING,validation
3167,3494,820,1,GUNTING,test
901,489,286,0,BATU,validation
3803,1616,3691,3,TIDAK_VALID,test
329,580,246,0,BATU,validation
3149,3887,195,1,GUNTING,train
3256,2051,2300,3,TIDAK_VALID,validation
2896,3676,530,1,GUNTING,validation
3069,3220,627,1,GUNTING,train
2977,2959,46,1,GUNTING,test
4030,3374,3167,2,KERTAS,train
3340,4011,1147,1,GUNTING,validation
182,2390,1556,3,TIDAK_VALID,validation
2916,3130,3802,2,KERTAS,train
3059,2941,3479,2,KERTAS,train
3752,3128,3339,2,KERTAS,test
3648,3253,3086,2,KERTAS,validation
500,371,911,0,BATU,test
3047,3855,3095,2,KERTAS,train
3919,3039,3584,2,KERTAS,train
3542,3602,737,1,GUNTING,train
2929,4009,3393,2,KERTAS,train
1795,3544,3361,3,TIDAK_VALID,test
3796,3660,3780,2,KERTAS,validation
1071,356,3180,3,TIDAK_VALID,train
2314,3535,3211,3,TIDAK_VALID,train
3431,2877,3712,2,KERTAS,train
3219,3797,774,1,GUNTING,train
738,266,509,0,BATU,train
3886,3117,1160,1,GUNTING,train
1443,3272,3937,3,TIDAK_VALID,validation
3694,3199,335,1,GUNTING,train
898,962,700,0,BATU,train
1164,450,907,0,BATU,train
4080,3386,3323,2,KERTAS,validation
3982,4046,222,1,GUNTING,test
4083,3165,337,1,GUNTING,train
3563,3433,3352,2,KERTAS,validation
2888,3404,4013,2,KERTAS,train
3421,2939,3963,2,KERTAS,train
3482,2990,657,1,GUNTING,test
3366,3207,453,1,GUNTING,test
3498,3915,3617,2,KERTAS,train
1100,909,942,0,BATU,test
511,51,607,0,BATU,train
3256,3639,3601,2,KERTAS,train
3005,2999,83,1,GUNTING,validation
3199,3998,3770,2,KERTAS,test
3774,3155,3737,2,KERTAS,validation
3410,3733,1030,1,GUNTING,train
217,1052,932,0,BATU,train
313,768,394,0,BATU,train
4027,3406,330,1,GUNTING,train
759,750,1212,0,BATU,train
2229,911,3447,3,TIDAK_VALID,test
4031,1379,2631,3,TIDAK_VALID,train
852,829,839,0,BATU,train
2075,2162,4019,3,TIDAK_VALID,train
901,921,426,0,BATU,train
3324,3138,806,1,GUNTING,test
3257,2349,3920,3,TIDAK_VALID,validation
2707,3575,2496,3,TIDAK_VALID,train
3212,3358,3538,2,KERTAS,validation
3921,3165,443,1,GUNTING,train
3201,3191,730,1,GUNTING,train
3765,3667,3125,2,KERTAS,train
261,1099,794,0,BATU,train
3660,3769,827,1,GUNTING,train
3151,1760,2016,3,TIDAK_VALID,test
2745,672,1561,3,TIDAK_VALID,test
431,1123,612,0,BATU,validation
3336,3219,1783,3,TIDAK_VALID,validation
3637,3093,132,1,GUNTING,train
1011,490,1217,0,BATU,train
1991,2966,2636,3,TIDAK_VALID,train
3000,4046,343,1,GUNTING,test
3511,2601,2190,3,TIDAK_VALID,train
1194,991,3563,3,TIDAK_VALID,train
155,124,1015,0,BATU,test
2887,3493,3209,2,KERTAS,test
3405,3277,3162,2,KERTAS,train
1039,758,666,0,BATU,train
290,938,1143,0,BATU,train
589,1135,326,0,BATU,test
3223,2905,3906,2,KERTAS,train
3214,3476,3786,2,KERTAS,train
3697,3783,256,1,GUNTING,train
3209,3368,3539,2,KERTAS,test
1037,97,1045,0,BATU,validation
3419,1628,274,3,TIDAK_VALID,train
4053,3906,1004,1,GUNTING,test
29,69,1049,0,BATU,train
3006,3688,323,1,GUNTING,train
3452,3191,3026,2,KERTAS,train
2879,3745,3182,2,KERTAS,train
3586,2496,2048,3,TIDAK_VALID,train
271,2774,97,3,TIDAK_VALID,train
4051,3825,3294,2,KERTAS,test
1142,116,1221,0,BATU,train
3457,3804,3203,2,KERTAS,train
3584,3311,3523,2,KERTAS,train
3003,2974,3347,2,KERTAS,train
3406,3768,1066,1,GUNTING,train
3415,2874,92,1,GUNTING,train
789,848,1208,0,BATU,train
981,331,394,0,BATU,train
720,2286,2727,3,TIDAK_VALID,test
3422,3406,258,1,GUNTING,test
3839,3490,4030,2,KERTAS,test
4002,2459,3604,3,TIDAK_VALID,validation
3130,3163,3290,2,KERTAS,train
325,750,252,0,BATU,train
3065,3602,3703,2,KERTAS,train
3544,3241,1157,1,GUNTING,validation
955,425,439,0,BATU,test
3862,3288,1034,1,GUNTING,train
611,1127,1021,0,BATU,test
2882,3527,3801,2,KERTAS,test
2906,3880,3488,2,KERTAS,train
3383,3132,1574,3,TIDAK_VALID,train
3794,2912,680,1,GUNTING,train
1071,779,527,0,BATU,train
3391,3765,113,1,GUNTING,train
2512,1473,4032,3,TIDAK_VALID,validation
3364,3647,3575,2,KERTAS,train
1323,987,940,3,TIDAK_VALID,validation
12,967,646,0,BATU,validation
820,805,814,0,BATU,train
613,761,1140,0,BATU,train
397,397,938,0,BATU,validation
548,1171,800,0,BATU,train
296,3968,3656,3,TIDAK_VALID,train
6,896,1166,0,BATU,train
3631,995,128,3,TIDAK_VALID,test
1121,660,769,0,BATU,train
3122,3727,855,1,GUNTING,test
1106,421,48,0,BATU,train
2924,3590,3573,2,KERTAS,train
3321,3784,3607,2,KERTAS,train
954,243,1119,0,BATU,train
2362,943,1151,3,TIDAK_VALID,train
1723,2245,2369,3,TIDAK_VALID,train
3287,3664,611,1,GUNTING,train
3996,3804,3399,2,KERTAS,train
3726,3461,1129,1,GUNTING,train
3598,3833,3569,2,KERTAS,test
264,3099,3774,3,TIDAK_VALID,train
796,3603,581,3,TIDAK_VALID,train
760,49,567,0,BATU,train
187,855,548,0,BATU,train
3923,3905,134,1,GUNTING,train
3309,3998,3135,2,KERTAS,validation
3719,3178,2945,2,KERTAS,train
3039,3404,3464,2,KERTAS,train
3991,3268,3732,2,KERTAS,train
2548,2701,2090,3,TIDAK_VALID,train
290,2913,763,3,TIDAK_VALID,validation
3672,3455,3813,2,KERTAS,train
2387,1157,3738,3,TIDAK_VALID,validation
3185,3595,3235,2,KERTAS,train
3438,4041,343,1,GUNTING,train
4031,3517,1200,1,GUNTING,validation
3177,3606,38,1,GUNTING,train
929,441,13,0,BATU,train
3890,3711,3113,2,KERTAS,train
3584,2957,4044,2,KERTAS,train
4065,3433,789,1,GUNTING,train
3455,2943,317,1,GUNTING,train
1080,414,1357,3,TIDAK_VALID,test
2969,2069,1593,3,TIDAK_VALID,train
3972,3001,765,1,GUNTING,train
1655,3520,3270,3,TIDAK_VALID,train
3799,3289,448,1,GUNTING,train
368,297,396,0,BATU,train
3769,923,2390,3,TIDAK_VALID,validation
3192,3202,549,1,GUNTING,train
3525,3159,1018,1,GUNTING,train
3212,3808,896,1,GUNTING,test
2985,2996,3110,2,KERTAS,train
484,3425,3720,3,TIDAK_VALID,train
172,587,512,0,BATU,train
3257,2968,195,1,GUNTING,train
1046,53,223,0,BATU,train
2607,2585,846,3,TIDAK_VALID,train
3346,4026,861,1,GUNTING,test
1088,2907,1300,3,TIDAK_VALID,test
3663,3460,540,1,GUNTING,train
3902,2972,260,1,GUNTING,test
265,603,16,0,BATU,test
3259,3261,3333,2,KERTAS,train
3362,3418,4074,2,KERTAS,test
3068,3470,566,1,GUNTING,test
882,548,1205,0,BATU,test
3787,3224,152,1,GUNTING,train
3485,3075,3589,2,KERTAS,train
3198,3094,116,1,GUNTING,validation
3565,3281,3048,2,KERTAS,train
3170,3551,379,1,GUNTING,test
3950,1344,3025,3,TIDAK_VALID,train
3642,3528,3989,2,KERTAS,validation
821,439,3380,3,TIDAK_VALID,train
2987,2919,886,1,GUNTING,train
984,1140,949,0,BATU,train
667,613,791,0,BATU,train
820,561,926,0,BATU,train
284,806,630,0,BATU,validation
3648,383,1387,3,TIDAK_VALID,validation
2472,1450,769,3,TIDAK_VALID,train
3840,3820,3968,2,KERTAS,train
539,3159,2682,3,TIDAK_VALID,validation
2930,3963,850,1,GUNTING,train
588,181,336,0,BATU,train
3367,3122,770,1,GUNTING,test
3504,3292,1031,1,GUNTING,train
3341,4062,3582,2,KERTAS,train
3165,2921,3593,2,KERTAS,train
302,283,33,0,BATU,train
1568,974,1190,3,TIDAK_VALID,test
3115,3726,438,1,GUNTING,train
3917,3040,161,1,GUNTING,validation
3963,3170,4000,2,KERTAS,train
3259,3988,3523,2,KERTAS,train
801,2853,2115,3,TIDAK_VALID,train
2912,3060,4037,2,KERTAS,train
3115,2961,3717,2,KERTAS,validation
1521,1022,2045,3,TIDAK_VALID,test
3838,3383,3491,2,KERTAS,train
3918,3652,1314,3,TIDAK_VALID,train
3879,3524,1472,3,TIDAK_VALID,train
3604,3053,3671,2,KERTAS,train
3478,3061,531,1,GUNTING,train
2891,3901,1196,1,GUNTING,train
1476,3544,3123,3,TIDAK_VALID,test
3110,3628,784,1,GUNTING,validation
475,1249,1477,3,TIDAK_VALID,train
2750,3165,275,3,TIDAK_VALID,validation
1075,754,342,0,BATU,train
3156,3850,1125,1,GUNTING,train
348,2973,836,3,TIDAK_VALID,validation
3449,3387,479,1,GUNTING,validation
3122,3644,3796,2,KERTAS,train
3203,3481,3270,2,KERTAS,train
3719,2908,2920,2,KERTAS,train
166,1159,494,0,BATU,train
3391,3371,3525,2,KERTAS,train
3728,4067,3330,2,KERTAS,validation
3037,2868,3006,2,KERTAS,test
3566,3130,872,1,GUNTING,train
444,108,145,0,BATU,train
3556,3700,3308,2,KERTAS,test
1567,3545,3981,3,TIDAK_VALID,train
3484,3328,566,1,GUNTING,test
148,88,1216,0,BATU,train
640,539,27,0,BATU,train
3487,3955,333,1,GUNTING,train
3227,3242,321,1,GUNTING,train
485,392,748,0,BATU,train
3717,3964,3811,2,KERTAS,validation
953,131,638,0,BATU,test
161,152,1140,0,BATU,train
633,424,518,0,BATU,train
3094,3701,87,1,GUNTING,train
643,125,1024,0,BATU,train
3811,3140,3339,2,KERTAS,validation
1023,372,540,0,BATU,train
3676,2996,2900,2,KERTAS,train
3069,2148,313,3,TIDAK_VALID,train
3516,3482,4046,2,KERTAS,train
2905,3334,3841,2,KERTAS,validation
3522,3721,3107,2,KERTAS,train
3486,3516,808,1,GUNTING,train
3841,3058,3551,2,KERTAS,train
644,654,392,0,BATU,test
3006,3676,959,1,GUNTING,train
2128,1967,3074,3,TIDAK_VALID,train
3217,3945,2933,2,KERTAS,train
3973,3462,3325,2,KERTAS,train
3224,1331,3212,3,TIDAK_VALID,train
3633,135,1731,3,TIDAK_VALID,validation
964,1383,1284,3,TIDAK_VALID,train
3329,3688,908,1,GUNTING,validation
163,993,433,0,BATU,validation
2957,3807,973,1,GUNTING,train
2938,3896,3699,2,KERTAS,train
3311,2869,3162,2,KERTAS,train
2198,2988,3165,3,TIDAK_VALID,validation
3376,3268,1191,1,GUNTING,train
3221,3106,33,1,GUNTING,train
3671,2881,1191,1,GUNTING,validation
2895,2885,194,1,GUNTING,test
3076,3431,209,1,GUNTING,train
3839,3421,970,1,GUNTING,train
3838,3911,1205,1,GUNTING,train
1099,166,399,0,BATU,validation
493,650,1,0,BATU,train
1135,220,251,0,BATU,validation
4067,2885,3600,2,KERTAS,train
189,142,26,0,BATU,train
148,607,681,0,BATU,test
4058,716,1045,3,TIDAK_VALID,train
3021,3102,4042,2,KERTAS,test
3527,2927,3417,2,KERTAS,train
3681,3684,537,1,GUNTING,test
3718,3689,3501,2,KERTAS,validation
3971,3226,202,1,GUNTING,test
1834,760,3013,3,TIDAK_VALID,train
1613,2125,2129,3,TIDAK_VALID,train
3422,3888,3415,2,KERTAS,validation
259,3308,2524,3,TIDAK_VALID,train
3822,3896,3192,2,KERTAS,validation
547,3522,2361,3,TIDAK_VALID,train
3930,3341,486,1,GUNTING,train
447,2419,2869,3,TIDAK_VALID,train
3892,3967,594,1,GUNTING,train
3582,3897,3783,2,KERTAS,test
2238,1332,3114,3,TIDAK_VALID,validation
405,178,127,0,BATU,train
3041,3860,3563,2,KERTAS,test
3297,3792,4051,2,KERTAS,test
3772,3755,4088,2,KERTAS,test
256,870,104,0,BATU,test
1510,1211,746,3,TIDAK_VALID,train
2985,2942,73,1,GUNTING,validation
3258,3547,3676,2,KERTAS,train
354,616,1224,0,BATU,validation
3492,3004,4077,2,KERTAS,train
576,64,406,0,BATU,validation
3063,3366,3820,2,KERTAS,test
308,2788,2045,3,TIDAK_VALID,train
3685,3775,3788,2,KERTAS,train
3859,3112,3512,2,KERTAS,train
3153,3535,3795,2,KERTAS,train
3428,3069,1050,1,GUNTING,validation
4085,3927,3260,2,KERTAS,validation
541,2102,3867,3,TIDAK_VALID,train
154,97,1036,0,BATU,validation
915,1189,400,0,BATU,train
3938,4057,1876,3,TIDAK_VALID,test
3154,3583,2376,3,TIDAK_VALID,validation
1546,2192,2296,3,TIDAK_VALID,validation
3895,3811,3697,2,KERTAS,train
2950,3091,1172,1,GUNTING,train
4023,3041,3185,2,KERTAS,train
3472,3761,3789,2,KERTAS,train
3320,310,2589,3,TIDAK_VALID,train
3031,3827,334,1,GUNTING,validation
3355,3265,3733,2,KERTAS,validation
2631,2949,2670,3,TIDAK_VALID,validation
1068,45,683,0,BATU,train
3773,3947,3942,2,KERTAS,train
3715,3160,3453,2,KERTAS,validation
35,230,1708,3,TIDAK_VALID,train
3612,3009,243,1,GUNTING,validation
3051,4055,3569,2,KERTAS,validation
2921,2372,1738,3,TIDAK_VALID,train
3543,3316,245,1,GUNTING,test
1123,1492,3603,3,TIDAK_VALID,validation
967,1827,1513,3,TIDAK_VALID,test
1341,3279,3564,3,TIDAK_VALID,train
2786,1952,3049,3,TIDAK_VALID,train
3724,3067,4033,2,KERTAS,train
3762,3771,4041,2,KERTAS,test
4072,3975,2901,2,KERTAS,train
4084,3187,3683,2,KERTAS,train
279,681,78,0,BATU,train
3940,3882,4072,2,KERTAS,test
3951,3326,548,1,GUNTING,train
3829,3099,292,1,GUNTING,train
977,601,615,0,BATU,train
2509,3553,707,3,TIDAK_VALID,train
3943,2934,3161,2,KERTAS,test
3455,3703,536,1,GUNTING,test
3480,3177,646,1,GUNTING,test
3747,3747,1168,1,GUNTING,train
3628,2118,956,3,TIDAK_VALID,train
3699,2941,3949,2,KERTAS,train
2959,3467,214,1,GUNTING,validation
3432,3027,488,1,GUNTING,train
1570,977,430,3,TIDAK_VALID,validation
775,427,814,0,BATU,train
722,1187,641,0,BATU,train
797,823,937,0,BATU,train
2874,3167,3675,2,KERTAS,test
3784,2890,336,1,GUNTING,train
170,951,142,0,BATU,train
3069,4080,402,1,GUNTING,train
3113,3884,4003,2,KERTAS,test
1132,287,1074,0,BATU,validation
670,762,856,0,BATU,train
502,267,723,0,BATU,train
3421,3754,3435,2,KERTAS,test
3784,3238,690,1,GUNTING,train
1040,2340,703,3,TIDAK_VALID,train
348,779,684,0,BATU,validation
942,991,379,0,BATU,train
2410,1972,1613,3,TIDAK_VALID,test
356,681,764,0,BATU,train
3723,3658,3735,2,KERTAS,train
429,846,819,0,BATU,test
3800,3505,576,1,GUNTING,test
2956,3347,2931,2,KERTAS,train
11,1557,1963,3,TIDAK_VALID,test
404,674,273,0,BATU,train
3265,3868,920,1,GUNTING,train
3883,4025,3919,2,KERTAS,train
459,1702,3537,3,TIDAK_VALID,validation
1018,290,191,0,BATU,validation
332,1909,4070,3,TIDAK_VALID,train
3738,3950,3660,2,KERTAS,train
2704,148,3974,3,TIDAK_VALID,train
18,625,484,0,BATU,test
3286,3567,3962,2,KERTAS,train
3114,3324,800,1,GUNTING,test
3874,3182,916,1,GUNTING,train
3284,2919,1067,1,GUNTING,train
3095,3567,3988,2,KERTAS,validation
447,26,3046,3,TIDAK_VALID,train
3542,3811,3227,2,KERTAS,train
3083,3550,314,1,GUNTING,train
3124,3144,957,1,GUNTING,train
709,57,865,0,BATU,validation
2965,3958,1178,1,GUNTING,test
901,39,700,0,BATU,train
750,766,166,0,BATU,train
3336,3146,3091,2,KERTAS,test
3595,3374,413,1,GUNTING,test
799,487,1149,0,BATU,validation
506,933,283,0,BATU,train
264,526,1153,0,BATU,validation
270,1628,3849,3,TIDAK_VALID,train
3006,3669,3459,2,KERTAS,train
4009,3764,3296,2,KERTAS,train
3804,2629,3528,3,TIDAK_VALID,validation
219,1110,675,0,BATU,train
677,704,582,0,BATU,validation
2875,2475,1566,3,TIDAK_VALID,train
54,190,839,0,BATU,train
3394,3305,3988,2,KERTAS,train
3146,3778,292,1,GUNTING,train
3783,3200,3089,2,KERTAS,train
3062,3990,3550,2,KERTAS,train
1891,1841,3374,3,TIDAK_VALID,test
3131,3079,1159,1,GUNTING,test
3084,3049,34,1,GUNTING,validation
520,1143,617,0,BATU,train
3445,3651,3232,2,KERTAS,test
3523,3206,37,1,GUNTING,train
3303,3623,159,1,GUNTING,train
3479,3589,3,1,GUNTING,train
4095,3803,2999,2,KERTAS,train
3003,3108,651,1,GUNTING,train
1136,31,682,0,BATU,train
3146,3345,3790,2,KERTAS,validation
3005,3636,1075,1,GUNTING,train
266,850,844,0,BATU,train
618,621,716,0,BATU,train
136,211,2846,3,TIDAK_VALID,train
3414,3262,475,1,GUNTING,train
2387,1432,1388,3,TIDAK_VALID,train
3312,3073,491,1,GUNTING,train
3163,3755,3572,2,KERTAS,train
809,695,1252,3,TIDAK_VALID,validation
3194,3570,3316,2,KERTAS,validation
3258,4008,407,1,GUNTING,train
2183,2960,385,3,TIDAK_VALID,train
6,1048,761,0,BATU,train
541,155,113,0,BATU,train
2937,4011,4065,2,KERTAS,test
68,215,66,0,BATU,train
772,621,1151,0,BATU,validation
3396,2967,339,1,GUNTING,train
3106,3968,32,1,GUNTING,train
3318,3447,300,1,GUNTING,validation
3081,2906,1166,1,GUNTING,test
2993,3457,543,1,GUNTING,train
3028,3844,3855,2,KERTAS,train
543,371,1128,0,BATU,train
503,822,3316,3,TIDAK_VALID,validation
3676,4085,289,1,GUNTING,train
457,56,967,0,BATU,train
3654,2982,3862,2,KERTAS,test
992,1227,364,0,BATU,train
1194,615,177,0,BATU,train
2934,2873,2937,2,KERTAS,train
3172,927,3853,3,TIDAK_VALID,train
3332,3096,170,1,GUNTING,train
3974,3563,238,1,GUNTING,train
897,1165,272,0,BATU,validation
3883,3105,790,1,GUNTING,test
3667,3351,3866,2,KERTAS,train
3974,3000,1201,1,GUNTING,validation
3927,3280,3431,2,KERTAS,validation
2712,2217,539,3,TIDAK_VALID,train
62,1206,576,0,BATU,train
1096,235,1447,3,TIDAK_VALID,test
287,366,469,0,BATU,validation
3377,3034,3891,2,KERTAS,train
617,513,316,0,BATU,train
2392,1549,1237,3,TIDAK_VALID,train
3107,3850,418,1,GUNTING,train
3553,3014,1003,1,GUNTING,train
3457,3574,691,1,GUNTING,test
2886,3157,615,1,GUNTING,train
1187,3128,1676,3,TIDAK_VALID,train
3566,3032,978,1,GUNTING,validation
1014,363,563,0,BATU,train
4002,3628,382,1,GUNTING,train
559,117,891,0,BATU,test
2122,1268,3954,3,TIDAK_VALID,train
3694,110,2139,3,TIDAK_VALID,validation
3386,3477,3562,2,KERTAS,train
3641,2895,342,1,GUNTING,train
319,166,144,0,BATU,train
137,1238,1732,3,TIDAK_VALID,train
3259,3082,3098,2,KERTAS,train
900,2176,2368,3,TIDAK_VALID,train
499,1000,205,0,BATU,train
3361,3187,3266,2,KERTAS,train
3418,3884,1044,1,GUNTING,train
3137,4016,5,1,GUNTING,train
4091,998,1936,3,TIDAK_VALID,validation
4076,3171,93,1,GUNTING,train
592,1179,802,0,BATU,train
881,815,44,0,BATU,validation
3007,3815,768,1,GUNTING,train
3260,4051,764,1,GUNTING,train
2924,3740,352,1,GUNTING,train
567,809,681,0,BATU,train
3616,3127,277,1,GUNTING,validation
3438,3949,781,1,GUNTING,train
3321,3507,3763,2,KERTAS,validation
426,663,1279,3,TIDAK_VALID,train
3739,3839,3045,2,KERTAS,train
2916,3994,500,1,GUNTING,train
3498,1335,2162,3,TIDAK_VALID,train
666,2082,2643,3,TIDAK_VALID,train
3405,3715,3573,2,KERTAS,train
71,450,663,0,BATU,train
509,127,445,0,BATU,validation
49,895,53,0,BATU,train
3570,2914,3980,2,KERTAS,train
582,277,703,0,BATU,train
3418,4076,3467,2,KERTAS,train
1165,1117,3143,3,TIDAK_VALID,train
3944,3167,3471,2,KERTAS,validation
3361,725,1472,3,TIDAK_VALID,train
702,3464,1702,3,TIDAK_VALID,validation
3600,4064,3175,2,KERTAS,validation
2989,2955,2898,2,KERTAS,train
4045,3735,1214,1,GUNTING,train
3977,3759,431,1,GUNTING,validation
1808,627,1247,3,TIDAK_VALID,validation
3162,807,2219,3,TIDAK_VALID,train
1097,177,1080,0,BATU,train
917,635,742,0,BATU,train
293,1132,1221,0,BATU,validation
3944,878,716,3,TIDAK_VALID,test
130,277,1033,0,BATU,train
1586,474,3545,3,TIDAK_VALID,train
3336,3796,709,1,GUNTING,train
689,1196,1380,3,TIDAK_VALID,train
3394,3425,393,1,GUNTING,test
2916,3475,804,1,GUNTING,train
3817,2997,80,1,GUNTING,validation
751,3414,491,3,TIDAK_VALID,test
2317,3753,2659,3,TIDAK_VALID,validation
3053,3257,705,1,GUNTING,validation
3773,3136,3674,2,KERTAS,validation
3602,3171,3057,2,KERTAS,train
4046,3024,429,1,GUNTING,train
946,115,806,0,BATU,train
3576,3585,523,1,GUNTING,validation
2973,3946,1135,1,GUNTING,train
390,1439,3451,3,TIDAK_VALID,train
3116,2893,4072,2,KERTAS,train
3311,2941,2877,2,KERTAS,train
3790,3050,3443,2,KERTAS,train
2053,2454,2901,3,TIDAK_VALID,train
2452,3269,135,3,TIDAK_VALID,train
3617,3545,965,1,GUNTING,validation
671,934,581,0,BATU,train
3217,3639,226,1,GUNTING,validation
3420,3088,3781,2,KERTAS,validation
2451,3762,1636,3,TIDAK_VALID,test
3468,3872,3144,2,KERTAS,train
165,449,83,0,BATU,train
1887,3901,362,3,TIDAK_VALID,validation
2946,3191,4083,2,KERTAS,train
3289,3504,359,1,GUNTING,train
689,3950,352,3,TIDAK_VALID,train
537,417,307,0,BATU,train
4089,3927,29,1,GUNTING,train
3363,4061,853,1,GUNTING,test
236,216,998,0,BATU,train
3645,3991,508,1,GUNTING,train
243,940,119,0,BATU,train
573,1458,1829,3,TIDAK_VALID,train
690,973,963,0,BATU,train
3068,3092,732,1,GUNTING,validation
2616,33,2587,3,TIDAK_VALID,train
256,923,146,0,BATU,train
3183,3628,574,1,GUNTING,train
3738,3059,3906,2,KERTAS,train
1133,108,140,0,BATU,train
848,869,1223,0,BATU,test
3435,3867,896,1,GUNTING,train
670,2259,2004,3,TIDAK_VALID,train
3650,3511,2920,2,KERTAS,train
3940,2870,3404,2,KERTAS,test
3046,3606,1132,1,GUNTING,train
883,136,982,0,BATU,test
3968,3058,1118,1,GUNTING,train
3831,2958,249,1,GUNTING,validation
3616,3195,3565,2,KERTAS,test
3917,1691,1700,3,TIDAK_VALID,train
3672,3780,3627,2,KERTAS,test
3035,3402,3962,2,KERTAS,train
1013,1137,247,0,BATU,train
3136,851,2002,3,TIDAK_VALID,train
2878,3322,391,1,GUNTING,train
1610,2388,1124,3,TIDAK_VALID,test
2917,3475,1418,3,TIDAK_VALID,train
966,791,1519,3,TIDAK_VALID,train
3330,4068,3716,2,KERTAS,train
722,816,537,0,BATU,train
436,797,632,0,BATU,train
2921,3136,3287,2,KERTAS,train
2884,3277,188,1,GUNTING,train
2967,3175,2602,3,TIDAK_VALID,train
105,739,1226,0,BATU,test
1197,99,801,0,BATU,train
1395,2834,181,3,TIDAK_VALID,train
4055,3564,1228,1,GUNTING,validation
206,910,964,0,BATU,train
371,313,1196,0,BATU,test
1317,2640,100,3,TIDAK_VALID,train
3346,3126,1262,3,TIDAK_VALID,train
805,939,1228,0,BATU,validation
2953,3256,1072,1,GUNTING,train
1033,586,822,0,BATU,test
693,3053,2281,3,TIDAK_VALID,train
3715,1275,3277,3,TIDAK_VALID,train
666,1050,816,0,BATU,validation
2939,3777,1032,1,GUNTING,train
3571,4094,32,1,GUNTING,train
3731,3303,732,1,GUNTING,train
3157,2903,379,1,GUNTING,train
2681,2848,1170,3,TIDAK_VALID,train
3244,3623,3131,2,KERTAS,test
3222,2526,2077,3,TIDAK_VALID,validation
4080,3121,3837,2,KERTAS,train
2938,3840,3752,2,KERTAS,validation
3350,1467,1904,3,TIDAK_VALID,validation
187,317,641,0,BATU,validation
93,1204,41,0,BATU,test
608,152,293,0,BATU,train
3577,3857,3533,2,KERTAS,train
3625,1719,1520,3,TIDAK_VALID,test
3907,3805,3470,2,KERTAS,test
3323,3281,2901,2,KERTAS,test
996,1232,1738,3,TIDAK_VALID,train
1432,1030,2645,3,TIDAK_VALID,validation
3554,3612,3360,2,KERTAS,test
3405,3201,809,1,GUNTING,train
493,2680,1711,3,TIDAK_VALID,train
120,575,246,0,BATU,train
350,1102,289,0,BATU,train
846,654,476,0,BATU,train
2882,3984,3655,2,KERTAS,train
4088,3841,1068,1,GUNTING,validation
4030,2997,486,1,GUNTING,train
551,320,1048,0,BATU,validation
1057,206,9,0,BATU,train
74,453,313,0,BATU,train
3288,3012,811,1,GUNTING,test
3584,3608,3536,2,KERTAS,train
3854,2991,379,1,GUNTING,train
3008,4062,4000,2,KERTAS,train
801,1011,206,0,BATU,train
2952,3076,3632,2,KERTAS,train
3666,3762,63,1,GUNTING,validation
3263,3219,167,1,GUNTING,train
2875,3221,923,1,GUNTING,train
3024,4066,3114,2,KERTAS,train
3692,3740,1210,1,GUNTING,train
4005,3605,942,1,GUNTING,train
3271,4058,3450,2,KERTAS,train
569,1015,840,0,BATU,train
776,762,785,0,BATU,train
3952,3034,3315,2,KERTAS,validation
3786,3212,4066,2,KERTAS,train
179,303,1146,0,BATU,validation
3682,3472,3333,2,KERTAS,train
3995,3936,3242,2,KERTAS,train
3091,3952,547,1,GUNTING,train
3485,3567,4084,2,KERTAS,validation
3505,3204,3251,2,KERTAS,validation
3720,3570,685,1,GUNTING,test
3131,2875,320,1,GUNTING,validation
280,493,978,0,BATU,validation
3476,3137,3362,2,KERTAS,validation
566,344,199,0,BATU,test
2606,3539,3225,3,TIDAK_VALID,validation
4011,3373,961,1,GUNTING,validation
428,831,548,0,BATU,validation
104,6,1415,3,TIDAK_VALID,train
3275,3669,675,1,GUNTING,train
2939,3635,812,1,GUNTING,validation
2158,2674,2937,3,TIDAK_VALID,train
3077,2573,3717,3,TIDAK_VALID,train
2941,3672,3487,2,KERTAS,train
3731,3051,1115,1,GUNTING,test
3676,3605,3868,2,KERTAS,train
2362,27,3794,3,TIDAK_VALID,validation
3885,3372,1210,1,GUNTING,validation
3484,3679,2896,2,KERTAS,train
539,372,454,0,BATU,train
2301,3360,3486,3,TIDAK_VALID,validation
2911,3829,3734,2,KERTAS,train
3475,3304,689,1,GUNTING,train
354,834,66,0,BATU,train
599,1009,790,0,BATU,validation
3304,3332,4027,2,KERTAS,train
4024,3179,3212,2,KERTAS,train
2899,3106,2935,2,KERTAS,train
1650,1953,1005,3,TIDAK_VALID,train
1139,1146,481,0,BATU,train
4042,3390,3297,2,KERTAS,train
2658,2888,646,3,TIDAK_VALID,train
3623,2418,336,3,TIDAK_VALID,train
3490,3429,3869,2,KERTAS,train
3288,4062,594,1,GUNTING,validation
3874,3495,583,1,GUNTING,train
3360,3275,3935,2,KERTAS,train
3646,2871,3760,2,KERTAS,train
3299,2959,3383,2,KERTAS,train
832,2475,3200,3,TIDAK_VALID,train
802,388,967,0,BATU,train
2131,327,1894,3,TIDAK_VALID,train
3585,44,931,3,TIDAK_VALID,train
3745,3960,3598,2,KERTAS,train
3369,3312,1480,3,TIDAK_VALID,train
3733,1738,415,3,TIDAK_VALID,test
459,800,133,0,BATU,train
4031,3160,3366,2,KERTAS,train
3306,3206,618,1,GUNTING,train
3762,3446,300,1,GUNTING,train
3844,3409,259,1,GUNTING,train
1719,2405,106,3,TIDAK_VALID,train
394,425,465,0,BATU,train
2932,3598,1209,1,GUNTING,train
3633,2634,3668,3,TIDAK_VALID,train
923,828,2918,3,TIDAK_VALID,train
1146,988,574,0,BATU,train
3371,2872,3419,2,KERTAS,validation
4016,3887,3323,2,KERTAS,test
3330,3280,3298,2,KERTAS,validation
3716,3554,1,1,GUNTING,train
4062,3731,3216,2,KERTAS,train
2156,2503,1775,3,TIDAK_VALID,train
591,3929,3568,3,TIDAK_VALID,test
1000,915,556,0,BATU,train
2719,2772,3036,3,TIDAK_VALID,train
495,399,2191,3,TIDAK_VALID,test
3918,3616,159,1,GUNTING,train
1676,3187,1492,3,TIDAK_VALID,test
302,897,927,0,BATU,train
1849,1506,462,3,TIDAK_VALID,train
1640,2803,609,3,TIDAK_VALID,test
3755,3894,3369,2,KERTAS,train
3352,3234,1130,1,GUNTING,validation
3000,3251,3078,2,KERTAS,train
2803,1350,322,3,TIDAK_VALID,train
3065,3754,2976,2,KERTAS,train
3699,2916,1065,1,GUNTING,train
294,639,267,0,BATU,test
2858,3109,1867,3,TIDAK_VALID,train
3111,3087,3786,2,KERTAS,train
3204,4070,310,1,GUNTING,train
141,258,1165,0,BATU,test
3116,3126,1202,1,GUNTING,train
4055,3013,3643,2,KERTAS,train
1769,1867,3003,3,TIDAK_VALID,train
3758,3660,1090,1,GUNTING,test
968,1086,928,0,BATU,test
3987,3216,3137,2,KERTAS,train
4090,3492,3541,2,KERTAS,test
3630,3691,559,1,GUNTING,train
3169,1279,326,3,TIDAK_VALID,train
1210,2021,119,3,TIDAK_VALID,train
3976,3909,3388,2,KERTAS,train
4029,3761,3022,2,KERTAS,train
3937,3273,77,1,GUNTING,validation
1211,257,243,0,BATU,train
643,1621,4010,3,TIDAK_VALID,train
667,901,74,0,BATU,test
858,1029,49,0,BATU,train
303,1919,1025,3,TIDAK_VALID,train
2977,3399,433,1,GUNTING,train
3562,1268,2944,3,TIDAK_VALID,train
603,1152,702,0,BATU,train
2939,3581,3465,2,KERTAS,test
3755,3786,818,1,GUNTING,train
4048,3172,872,1,GUNTING,train
2960,3673,3428,2,KERTAS,train
2960,2146,3116,3,TIDAK_VALID,train
3892,2879,503,1,GUNTING,validation
3813,3256,803,1,GUNTING,train
2949,3969,1118,1,GUNTING,train
3985,3089,483,1,GUNTING,train
2969,3346,317,1,GUNTING,train
805,1223,19,0,BATU,train
3917,3067,623,1,GUNTING,train
123,325,1040,0,BATU,train
3920,3211,456,1,GUNTING,validation
3058,3025,997,1,GUNTING,train
3816,2949,211,1,GUNTING,train
914,2852,3488,3,TIDAK_VALID,train
3456,1697,2661,3,TIDAK_VALID,validation
1179,521,523,0,BATU,test
3029,3105,3744,2,KERTAS,validation
3841,2731,3772,3,TIDAK_VALID,train
3178,1018,3349,3,TIDAK_VALID,validation
1010,380,674,0,BATU,train
3756,2897,865,1,GUNTING,train
3885,3136,856,1,GUNTING,train
212,623,1218,0,BATU,train
1234,1063,4011,3,TIDAK_VALID,test
197,3813,1621,3,TIDAK_VALID,train
3059,2984,3653,2,KERTAS,train
566,1804,2820,3,TIDAK_VALID,train
3003,3576,3063,2,KERTAS,train
996,898,3884,3,TIDAK_VALID,train
3704,3785,1042,1,GUNTING,validation
2950,3449,1032,1,GUNTING,train
3640,1869,2742,3,TIDAK_VALID,train
329,790,1169,0,BATU,test
1040,1220,516,0,BATU,train
2993,2875,1050,1,GUNTING,train
4066,3665,4033,2,KERTAS,train
563,1040,88,0,BATU,test
3056,2068,1428,3,TIDAK_VALID,validation
3979,3209,796,1,GUNTING,train
926,1082,342,0,BATU,train
3840,3274,3602,2,KERTAS,train
3508,3108,94,1,GUNTING,train
2972,3615,176,1,GUNTING,train
3666,3729,495,1,GUNTING,train
3896,3492,3729,2,KERTAS,train
4026,3204,32,1,GUNTING,train
1494,2487,1260,3,TIDAK_VALID,train
3717,3350,3790,2,KERTAS,train
3415,1728,2160,3,TIDAK_VALID,train
3319,3427,3019,2,KERTAS,train
3235,809,1524,3,TIDAK_VALID,train
3101,3614,218,1,GUNTING,train
2906,3788,3336,2,KERTAS,train
1596,3200,845,3,TIDAK_VALID,train
456,232,240,0,BATU,train
1765,3098,3750,3,TIDAK_VALID,test
2425,2652,2501,3,TIDAK_VALID,train
647,209,1005,0,BATU,train
3199,2921,3654,2,KERTAS,train
834,1123,773,0,BATU,validation
1060,358,1083,0,BATU,train
916,2117,2614,3,TIDAK_VALID,train
3387,3170,3294,2,KERTAS,train
3636,3897,3775,2,KERTAS,train
3062,3498,1108,1,GUNTING,test
80,4007,2293,3,TIDAK_VALID,test
2796,505,198,3,TIDAK_VALID,train
1221,1178,50,0,BATU,train
2018,1736,2673,3,TIDAK_VALID,train
699,1778,528,3,TIDAK_VALID,train
3506,3284,1010,1,GUNTING,train
2254,2770,316,3,TIDAK_VALID,train
24,721,608,0,BATU,test
2944,3848,3737,2,KERTAS,train
3245,3118,3539,2,KERTAS,train
5,253,317,0,BATU,validation
866,83,48,0,BATU,train
1200,229,370,0,BATU,train
3575,952,3663,3,TIDAK_VALID,validation
256,1189,133,0,BATU,test
3678,3395,268,1,GUNTING,train
2888,3093,3590,2,KERTAS,train
413,980,1031,0,BATU,train
3669,3678,649,1,GUNTING,train
3564,3317,2969,2,KERTAS,train
3025,2914,2910,2,KERTAS,train
3493,3401,3706,2,KERTAS,train
9,342,864,0,BATU,train
72,3364,1653,3,TIDAK_VALID,test
3860,2134,1456,3,TIDAK_VALID,validation
4082,3473,437,1,GUNTING,train
681,264,1138,0,BATU,test
3667,3681,590,1,GUNTING,train
590,839,280,0,BATU,train
2455,1370,2682,3,TIDAK_VALID,train
344,39,755,0,BATU,train
733,846,803,0,BATU,validation
3660,1738,2314,3,TIDAK_VALID,validation
610,1091,774,0,BATU,train
1162,370,710,0,BATU,train
1302,3049,600,3,TIDAK_VALID,train
2656,2481,286,3,TIDAK_VALID,train
4044,3385,3722,2,KERTAS,validation
2880,3955,4067,2,KERTAS,validation
2870,3429,3375,2,KERTAS,validation
3585,2878,700,1,GUNTING,train
2834,1303,2083,3,TIDAK_VALID,test
3135,3939,741,1,GUNTING,train
3881,2273,2014,3,TIDAK_VALID,train
3492,2892,618,1,GUNTING,train
3504,3845,3896,2,KERTAS,train
1198,428,984,0,BATU,test
3800,3971,1185,1,GUNTING,test
215,940,443,0,BATU,train
3839,3072,2979,2,KERTAS,train
644,1559,852,3,TIDAK_VALID,test
2029,2760,3367,3,TIDAK_VALID,train
805,127,180,0,BATU,validation
67,715,27,0,BATU,train
3972,2868,3148,2,KERTAS,train
3592,3075,889,1,GUNTING,train
1735,1081,2525,3,TIDAK_VALID,train
103,1141,404,0,BATU,test
3368,3143,3170,2,KERTAS,train
4026,3852,3358,2,KERTAS,train
725,840,723,0,BATU,train
5,95,2827,3,TIDAK_VALID,train
780,422,516,0,BATU,train
890,4090,715,3,TIDAK_VALID,train
129,3438,599,3,TIDAK_VALID,validation
2874,2645,1402,3,TIDAK_VALID,train
228,570,356,0,BATU,train
1211,1210,1113,0,BATU,train
1702,1586,3755,3,TIDAK_VALID,test
3234,3152,762,1,GUNTING,train
3028,1736,2388,3,TIDAK_VALID,train
2003,3759,1440,3,TIDAK_VALID,test
273,221,658,0,BATU,validation
731,454,427,0,BATU,test
919,2907,2911,3,TIDAK_VALID,train
803,872,880,0,BATU,train
3864,3919,3195,2,KERTAS,train
3240,3059,3933,2,KERTAS,test
3611,3060,3057,2,KERTAS,train
3320,2868,1182,1,GUNTING,train
2070,2178,2958,3,TIDAK_VALID,train
2877,3164,4069,2,KERTAS,train
630,532,44,0,BATU,train
64,653,211,0,BATU,validation
190,4029,2749,3,TIDAK_VALID,train
3247,3530,1134,1,GUNTING,train
2984,3850,3470,2,KERTAS,train
1937,3237,2099,3,TIDAK_VALID,validation
2907,1690,3655,3,TIDAK_VALID,test
2918,1915,870,3,TIDAK_VALID,validation
2968,1820,3344,3,TIDAK_VALID,train
526,784,1052,0,BATU,train
1255,1266,413,3,TIDAK_VALID,test
3477,3098,3474,2,KERTAS,validation
501,2797,1908,3,TIDAK_VALID,test
737,581,1167,0,BATU,train
71,1082,53,0,BATU,test
1237,45,3891,3,TIDAK_VALID,train
3241,3504,669,1,GUNTING,train
873,958,956,0,BATU,validation
1991,1805,3717,3,TIDAK_VALID,train
4002,3977,3504,2,KERTAS,train
885,788,971,0,BATU,train
233,351,1185,0,BATU,train
158,132,400,0,BATU,validation
483,1075,1199,0,BATU,train
2001,2873,2328,3,TIDAK_VALID,train
1624,2996,2977,3,TIDAK_VALID,test
110,3542,1987,3,TIDAK_VALID,test
4074,136,3419,3,TIDAK_VALID,train
3192,3317,881,1,GUNTING,train
881,573,444,0,BATU,train
2146,2448,1126,3,TIDAK_VALID,train
3226,294,2902,3,TIDAK_VALID,train
831,81,1,0,BATU,train
3287,3544,3837,2,KERTAS,train
919,88,727,0,BATU,train
3625,2873,226,1,GUNTING,train
4090,2997,2418,3,TIDAK_VALID,train
551,821,463,0,BATU,validation
953,1018,220,0,BATU,test
662,1149,473,0,BATU,train
3422,3399,3982,2,KERTAS,train
3798,3525,509,1,GUNTING,train
3323,2931,912,1,GUNTING,train
2669,1165,1339,3,TIDAK_VALID,train
455,577,233,0,BATU,train
1215,683,1031,0,BATU,train
473,786,327,0,BATU,train
3076,3757,3563,2,KERTAS,train
150,1047,927,0,BATU,train
2869,4037,25,1,GUNTING,train
3779,3170,198,1,GUNTING,train
2198,3104,3492,3,TIDAK_VALID,train
721,2740,3018,3,TIDAK_VALID,train
1114,423,634,0,BATU,test
346,361,813,0,BATU,train
1168,1019,341,0,BATU,train
3351,3557,4007,2,KERTAS,train
4032,3082,338,1,GUNTING,test
3096,4086,3065,2,KERTAS,train
666,1241,701,3,TIDAK_VALID,train
248,228,641,0,BATU,train
3832,1592,2397,3,TIDAK_VALID,train
4053,3751,3698,2,KERTAS,train
3861,2784,1430,3,TIDAK_VALID,test
1179,127,50,0,BATU,train
3455,3902,931,1,GUNTING,train
3704,3154,677,1,GUNTING,train
278,674,264,0,BATU,train
3591,3426,371,1,GUNTING,train
144,73,1025,0,BATU,train
3322,3979,3875,2,KERTAS,train
2870,3628,1148,1,GUNTING,train
908,1414,3679,3,TIDAK_VALID,train
3170,4042,3101,2,KERTAS,train
3681,3809,205,1,GUNTING,train
189,15,224,0,BATU,validation
1320,3165,771,3,TIDAK_VALID,train
3803,3724,342,1,GUNTING,train
63,3965,2932,3,TIDAK_VALID,test
802,827,534,0,BATU,train
65,4046,2184,3,TIDAK_VALID,train
2860,93,3181,3,TIDAK_VALID,train
4018,3183,604,1,GUNTING,train
3344,3032,3312,2,KERTAS,test
444,2735,1641,3,TIDAK_VALID,validation
3334,1390,1371,3,TIDAK_VALID,train
3348,3916,509,1,GUNTING,train
3664,3307,2874,2,KERTAS,train
3759,3697,569,1,GUNTING,test
3370,3950,491,1,GUNTING,test
3260,3639,3988,2,KERTAS,train
3090,3023,3762,2,KERTAS,train
3614,4045,625,1,GUNTING,train
3429,2916,958,1,GUNTING,test
2141,2196,61,3,TIDAK_VALID,train
409,1009,77,0,BATU,test
3728,3174,3547,2,KERTAS,train
3468,3540,3871,2,KERTAS,validation
3955,3552,3451,2,KERTAS,train
475,44,504,0,BATU,test
2925,3444,3833,2,KERTAS,validation
3704,3114,472,1,GUNTING,train
248,153,620,0,BATU,train
3817,3250,3162,2,KERTAS,test
823,537,1023,0,BATU,train
3071,3349,3104,2,KERTAS,train
3519,2915,3853,2,KERTAS,train
43,199,785,0,BATU,train
1062,1166,427,0,BATU,train
3099,3919,627,1,GUNTING,train
2602,2463,586,3,TIDAK_VALID,train
286,818,431,0,BATU,train
3130,3632,3073,2,KERTAS,train
2463,3999,3582,3,TIDAK_VALID,test
3526,3805,4030,2,KERTAS,test
3275,1843,1755,3,TIDAK_VALID,train
1131,3499,2505,3,TIDAK_VALID,validation
1192,1113,1193,0,BATU,train
655,1607,415,3,TIDAK_VALID,train
3228,3289,556,1,GUNTING,train
4090,3686,3498,2,KERTAS,validation
3917,3173,3771,2,KERTAS,train
3796,3277,3010,2,KERTAS,train
339,2130,933,3,TIDAK_VALID,train
3273,2074,1854,3,TIDAK_VALID,train
1808,2613,1944,3,TIDAK_VALID,train
653,811,372,0,BATU,train
3895,3316,3989,2,KERTAS,validation
3331,3112,138,1,GUNTING,train
1091,1142,123,0,BATU,train
3524,3136,3932,2,KERTAS,train
432,2666,493,3,TIDAK_VALID,train
1773,1330,2202,3,TIDAK_VALID,test
3388,2879,1125,1,GUNTING,train
3390,3126,3955,2,KERTAS,train
1399,2658,927,3,TIDAK_VALID,train
3845,3040,637,1,GUNTING,train
3155,2879,3284,2,KERTAS,train
182,1141,980,0,BATU,validation
3108,3523,2893,2,KERTAS,train
757,366,854,0,BATU,test
2970,702,769,3,TIDAK_VALID,train
187,877,14,0,BATU,validation
3539,3903,3489,2,KERTAS,test
342,1028,849,0,BATU,validation
202,844,685,0,BATU,test
3106,3454,3299,2,KERTAS,validation
3138,3489,1092,1,GUNTING,train
929,1226,197,0,BATU,train
782,644,165,0,BATU,test
857,2208,3686,3,TIDAK_VALID,train
3997,2992,1154,1,GUNTING,train
3235,4058,466,1,GUNTING,validation
3762,3414,975,1,GUNTING,test
122,36,2889,3,TIDAK_VALID,train
438,637,938,0,BATU,validation
3404,3773,3893,2,KERTAS,validation
3116,3987,982,1,GUNTING,train
639,570,848,0,BATU,train
1227,754,1093,0,BATU,train
3095,3163,3046,2,KERTAS,test
32,1027,94,0,BATU,train
3386,95,324,3,TIDAK_VALID,train
739,597,320,0,BATU,train
820,1874,3480,3,TIDAK_VALID,train
2063,1302,3634,3,TIDAK_VALID,train
3014,4094,507,1,GUNTING,train
3335,3468,681,1,GUNTING,train
2936,3690,2940,2,KERTAS,test
716,719,808,0,BATU,train
3310,3675,3344,2,KERTAS,train
653,230,1214,0,BATU,train
2912,3381,615,1,GUNTING,test
3389,4075,119,1,GUNTING,test
3037,2933,3732,2,KERTAS,train
106,197,538,0,BATU,test
3727,2875,226,1,GUNTING,validation
1839,1074,1003,3,TIDAK_VALID,test
190,558,1079,0,BATU,validation
2855,3967,2349,3,TIDAK_VALID,train
698,77,1495,3,TIDAK_VALID,validation
1776,3463,636,3,TIDAK_VALID,train
3867,3864,569,1,GUNTING,train
374,679,119,0,BATU,train
575,1055,569,0,BATU,validation
3404,3107,3927,2,KERTAS,train
3410,1891,2227,3,TIDAK_VALID,validation
3904,3853,155,1,GUNTING,train
339,4063,3460,3,TIDAK_VALID,train
4054,3483,3896,2,KERTAS,validation
3085,4057,1180,1,GUNTING,validation
1177,2657,788,3,TIDAK_VALID,train
3954,3917,3273,2,KERTAS,train
3834,3175,775,1,GUNTING,train
222,909,1165,0,BATU,test
2972,2957,745,1,GUNTING,test
4022,3727,1293,3,TIDAK_VALID,train
553,456,1139,0,BATU,train
3266,3185,3403,2,KERTAS,train
291,306,702,0,BATU,train
782,703,178,0,BATU,train
3348,3962,659,1,GUNTING,validation
485,839,184,0,BATU,train
174,188,845,0,BATU,train
3442,2905,1179,1,GUNTING,train
1171,201,681,0,BATU,train
3218,2954,45,1,GUNTING,train
2649,1601,3144,3,TIDAK_VALID,test
3251,3681,291,1,GUNTING,train
2884,3606,4030,2,KERTAS,train
3072,3372,882,1,GUNTING,validation
718,1242,4055,3,TIDAK_VALID,test
935,127,817,0,BATU,validation
2999,3455,3186,2,KERTAS,train
3557,3274,4037,2,KERTAS,validation
3368,3597,536,1,GUNTING,train
4094,3585,3515,2,KERTAS,test
286,704,1203,0,BATU,validation
3728,3432,87,1,GUNTING,test
3532,2932,3634,2,KERTAS,test
3710,3171,645,1,GUNTING,train
3610,3370,389,1,GUNTING,train
3447,3595,3350,2,KERTAS,train
3779,2284,1467,3,TIDAK_VALID,train
3146,3889,1111,1,GUNTING,test
3009,2630,2048,3,TIDAK_VALID,train
952,445,487,0,BATU,validation
525,979,52,0,BATU,validation
891,870,907,0,BATU,train
3757,3030,1116,1,GUNTING,test
3471,2969,3895,2,KERTAS,train
3316,2926,36,1,GUNTING,train
1102,4032,4012,3,TIDAK_VALID,validation
306,746,494,0,BATU,validation
775,218,416,0,BATU,train
718,156,1102,0,BATU,train
3565,3327,3148,2,KERTAS,test
3083,3742,345,1,GUNTING,train
315,4056,589,3,TIDAK_VALID,test
3663,4066,3543,2,KERTAS,train
3971,3780,3275,2,KERTAS,train
1178,924,664,0,BATU,train
888,2060,2089,3,TIDAK_VALID,test
3366,3076,2882,2,KERTAS,train
4004,440,3259,3,TIDAK_VALID,train
3801,3255,252,1,GUNTING,train
3424,820,2581,3,TIDAK_VALID,train
3337,3212,299,1,GUNTING,validation
3719,3842,3638,2,KERTAS,train
663,659,883,0,BATU,validation
1169,15,937,0,BATU,train
699,725,1044,0,BATU,train
3841,3628,370,1,GUNTING,train
3284,3217,331,1,GUNTING,test
919,3557,2827,3,TIDAK_VALID,train
2953,2684,2875,3,TIDAK_VALID,train
48,1340,1402,3,TIDAK_VALID,validation
3948,3226,3230,2,KERTAS,test
1113,615,929,0,BATU,train
3433,3342,3507,2,KERTAS,train
3581,3113,934,1,GUNTING,train
3977,3898,71,1,GUNTING,train
66,1155,1151,0,BATU,train
129,1422,3502,3,TIDAK_VALID,validation
3186,3630,3059,2,KERTAS,train
3240,4057,3418,2,KERTAS,train
1494,3993,2241,3,TIDAK_VALID,train
2700,4013,3474,3,TIDAK_VALID,validation
4051,3052,627,1,GUNTING,validation
3710,3979,362,1,GUNTING,train
2867,3297,450,1,GUNTING,train
228,3658,1100,3,TIDAK_VALID,validation
4085,3587,4049,2,KERTAS,train
517,1030,1506,3,TIDAK_VALID,train
3876,3133,988,1,GUNTING,train
806,201,222,0,BATU,validation
3156,3477,897,1,GUNTING,train
3253,3801,853,1,GUNTING,test
1195,118,153,0,BATU,validation
3731,3335,2971,2,KERTAS,test
873,33,61,0,BATU,train
777,918,1176,0,BATU,validation
1722,2484,2967,3,TIDAK_VALID,train
3541,3415,629,1,GUNTING,train
1036,1202,915,0,BATU,train
3805,1943,1862,3,TIDAK_VALID,train
3131,4020,785,1,GUNTING,train
3647,3362,3056,2,KERTAS,train
3619,2914,3023,2,KERTAS,train
3113,3940,3114,2,KERTAS,train
3341,3955,465,1,GUNTING,test
3871,4006,738,1,GUNTING,train
3324,3693,3666,2,KERTAS,train
3149,3843,766,1,GUNTING,validation
2923,3848,3019,2,KERTAS,test
934,30,64,0,BATU,validation
4068,3091,435,1,GUNTING,validation
3947,3449,419,1,GUNTING,train
3142,3187,2884,2,KERTAS,train
3214,3128,674,1,GUNTING,test
3064,2893,4030,2,KERTAS,train
999,391,982,0,BATU,train
3096,4018,371,1,GUNTING,train
1633,3421,2614,3,TIDAK_VALID,validation
797,2562,3153,3,TIDAK_VALID,train
3837,3496,414,1,GUNTING,train
3620,3758,412,1,GUNTING,train
647,785,1056,0,BATU,train
1015,1101,172,0,BATU,train
923,2960,2507,3,TIDAK_VALID,validation
3050,3715,3749,2,KERTAS,test
4069,2994,3201,2,KERTAS,test
3356,3967,4005,2,KERTAS,train
1155,2658,2828,3,TIDAK_VALID,train
3791,3232,745,1,GUNTING,train
3905,3852,2997,2,KERTAS,test
2996,3683,41,1,GUNTING,train
1492,1656,1850,3,TIDAK_VALID,train
3904,3782,3502,2,KERTAS,test
2792,2516,89,3,TIDAK_VALID,train
3942,3229,523,1,GUNTING,train
3655,3621,13,1,GUNTING,train
3833,334,1698,3,TIDAK_VALID,train
3993,3469,1175,1,GUNTING,train
3548,3139,836,1,GUNTING,train
3996,3672,3675,2,KERTAS,train
3819,3729,3537,2,KERTAS,train
1097,556,869,0,BATU,validation
3344,3804,586,1,GUNTING,test
2951,3411,383,1,GUNTING,train
226,140,2328,3,TIDAK_VALID,train
811,246,667,0,BATU,test
3845,3695,3008,2,KERTAS,train
1121,644,3995,3,TIDAK_VALID,train
2869,3826,1016,1,GUNTING,validation
1121,1559,1949,3,TIDAK_VALID,train
884,531,771,0,BATU,train
3966,3255,2905,2,KERTAS,train
3863,3623,3957,2,KERTAS,train
790,798,332,0,BATU,train
3131,3410,3000,2,KERTAS,validation
1602,2931,816,3,TIDAK_VALID,train
3036,2872,237,1,GUNTING,train
3729,3949,2930,2,KERTAS,train
3598,2991,3198,2,KERTAS,train
3653,3537,152,1,GUNTING,train
161,3356,906,3,TIDAK_VALID,validation
571,452,269,0,BATU,train
870,2966,3393,3,TIDAK_VALID,test
3503,3907,34,1,GUNTING,train
3477,3243,593,1,GUNTING,test
1160,117,1162,0,BATU,test
129,490,1127,0,BATU,train
2075,94,532,3,TIDAK_VALID,train
3072,398,1754,3,TIDAK_VALID,train
1478,3110,1081,3,TIDAK_VALID,train
2991,3081,1146,1,GUNTING,train
1425,2635,2671,3,TIDAK_VALID,validation
3684,3027,3385,2,KERTAS,train
3658,3209,4052,2,KERTAS,train
286,2081,3448,3,TIDAK_VALID,test
4035,3888,3354,2,KERTAS,validation
3418,3568,3847,2,KERTAS,train
1201,2939,2760,3,TIDAK_VALID,train
3654,3524,3367,2,KERTAS,validation
2651,1387,3620,3,TIDAK_VALID,train
3262,3920,268,1,GUNTING,train
2889,3978,756,1,GUNTING,validation
3718,3220,3458,2,KERTAS,test
3413,3590,655,1,GUNTING,train
192,213,1858,3,TIDAK_VALID,train
3929,4043,3908,2,KERTAS,validation
154,345,1163,0,BATU,test
1062,1023,4051,3,TIDAK_VALID,train
564,2123,3771,3,TIDAK_VALID,train
827,541,980,0,BATU,test
3438,3657,665,1,GUNTING,test
1202,2044,666,3,TIDAK_VALID,train
2954,3063,3612,2,KERTAS,test
413,193,15,0,BATU,train
3532,3025,846,1,GUNTING,train
2960,3675,335,1,GUNTING,test
2920,4034,343,1,GUNTING,test
2875,3290,3407,2,KERTAS,train
3059,4044,3176,2,KERTAS,train
1008,1134,1324,3,TIDAK_VALID,test
3618,3585,661,1,GUNTING,test
1814,2739,3689,3,TIDAK_VALID,train
3465,3342,3763,2,KERTAS,train
3453,3604,3033,2,KERTAS,train
3248,3829,3269,2,KERTAS,train
169,391,1032,0,BATU,test
3388,3522,3145,2,KERTAS,train
409,811,1089,0,BATU,test
174,2303,919,3,TIDAK_VALID,validation
604,990,1100,0,BATU,train
3764,4033,941,1,GUNTING,train
3786,3133,3190,2,KERTAS,validation
3128,2970,515,1,GUNTING,validation
548,2753,1925,3,TIDAK_VALID,test
3567,3859,3956,2,KERTAS,train
75,732,146,0,BATU,train
3569,3329,713,1,GUNTING,train
2925,3602,3821,2,KERTAS,train
3589,3908,3547,2,KERTAS,validation
465,473,416,0,BATU,train
2873,3973,3080,2,KERTAS,test
1155,417,852,0,BATU,validation
4093,711,3398,3,TIDAK_VALID,test
3771,2456,931,3,TIDAK_VALID,train
54,1993,3327,3,TIDAK_VALID,validation
3167,3194,3860,2,KERTAS,train
3968,3046,73,1,GUNTING,test
3128,3982,1093,1,GUNTING,train
3267,3995,3767,2,KERTAS,train
889,1029,99,0,BATU,train
3634,2927,810,1,GUNTING,test
1157,402,908,0,BATU,test
339,1185,325,0,BATU,train
1157,860,327,0,BATU,test
2911,3245,3615,2,KERTAS,validation
1051,287,374,0,BATU,test
2898,3917,452,1,GUNTING,test
3405,3392,346,1,GUNTING,validation
482,98,928,0,BATU,train
3254,2871,846,1,GUNTING,validation
7,1998,1084,3,TIDAK_VALID,train
3348,3571,2938,2,KERTAS,test
3018,3816,76,1,GUNTING,validation
3312,2891,2939,2,KERTAS,train
3535,390,623,3,TIDAK_VALID,train
913,2235,2527,3,TIDAK_VALID,train
3690,2747,1707,3,TIDAK_VALID,train
838,172,246,0,BATU,train
1019,979,286,0,BATU,train
3672,3246,1226,1,GUNTING,train
3900,3518,969,1,GUNTING,test
3239,3440,280,1,GUNTING,validation
3365,3100,864,1,GUNTING,test
1758,1940,284,3,TIDAK_VALID,train
3662,3492,2933,2,KERTAS,validation
4032,3251,3927,2,KERTAS,train
3336,3800,925,1,GUNTING,train
3618,3883,3033,2,KERTAS,validation
3860,3174,4041,2,KERTAS,test
1035,839,5,0,BATU,test
913,291,1019,0,BATU,train
862,245,546,0,BATU,validation
2913,3226,151,1,GUNTING,train
970,972,815,0,BATU,test
3439,3310,831,1,GUNTING,validation
3334,3338,3624,2,KERTAS,train
3872,1559,552,3,TIDAK_VALID,train
3270,2973,779,1,GUNTING,train
2491,72,1174,3,TIDAK_VALID,train
136,762,297,0,BATU,train
3740,3698,3164,2,KERTAS,validation
1712,2860,3780,3,TIDAK_VALID,validation
3212,2902,50,1,GUNTING,test
819,580,395,0,BATU,train
3405,3005,3826,2,KERTAS,test
3541,3500,1110,1,GUNTING,train
2367,2034,2796,3,TIDAK_VALID,train
2869,3511,3106,2,KERTAS,train
1604,3432,2231,3,TIDAK_VALID,train
952,1801,2049,3,TIDAK_VALID,test
3950,4042,3178,2,KERTAS,train
2208,2880,2066,3,TIDAK_VALID,train
370,107,601,0,BATU,validation
3020,3565,288,1,GUNTING,train
3885,3244,696,1,GUNTING,validation
3327,3466,3218,2,KERTAS,test
670,668,1104,0,BATU,train
3873,3257,2967,2,KERTAS,test
82,730,180,0,BATU,train
2049,975,1199,3,TIDAK_VALID,train
4094,3577,3860,2,KERTAS,train
3628,3781,3473,2,KERTAS,train
3999,63,41,3,TIDAK_VALID,train
762,2961,300,3,TIDAK_VALID,train
575,319,55,0,BATU,train
3186,3898,3605,2,KERTAS,train
3583,3050,1067,1,GUNTING,test
1150,169,1178,0,BATU,train
655,740,527,0,BATU,test
3827,3335,43,1,GUNTING,validation
551,326,482,0,BATU,train
3606,3230,3186,2,KERTAS,train
1182,3347,185,3,TIDAK_VALID,validation
3779,218,497,3,TIDAK_VALID,train
3962,3674,1022,1,GUNTING,train
2870,3477,4033,2,KERTAS,train
3421,2995,155,1,GUNTING,test
2215,1649,1892,3,TIDAK_VALID,test
3893,1362,1799,3,TIDAK_VALID,train
3274,3063,426,1,GUNTING,validation
3294,2992,77,1,GUNTING,test
3425,3864,2933,2,KERTAS,train
96,921,747,0,BATU,validation
3540,3046,2964,2,KERTAS,train
880,272,773,0,BATU,validation
3740,2926,691,1,GUNTING,train
243,210,2462,3,TIDAK_VALID,train
177,615,964,0,BATU,test
3423,3750,3798,2,KERTAS,train
678,260,1007,0,BATU,train
1078,1165,854,0,BATU,test
1169,2502,3296,3,TIDAK_VALID,train
3082,3231,396,1,GUNTING,validation
514,931,1015,0,BATU,train
3391,3736,3684,2,KERTAS,train
3984,3783,838,1,GUNTING,train
3755,3375,3258,2,KERTAS,test
3660,3102,78,1,GUNTING,train
3833,3459,523,1,GUNTING,validation
3537,3564,1101,1,GUNTING,test
3735,3804,3228,2,KERTAS,train
3040,2906,3361,2,KERTAS,validation
3336,3276,228,1,GUNTING,validation
747,1018,632,0,BATU,validation
3979,3494,436,1,GUNTING,train
3630,2916,532,1,GUNTING,test
523,1091,884,0,BATU,test
3181,3753,266,1,GUNTING,train
155,923,624,0,BATU,train
3898,2963,3063,2,KERTAS,train
2360,2325,2648,3,TIDAK_VALID,train
210,694,703,0,BATU,train
1055,1121,261,0,BATU,train
3456,4092,141,1,GUNTING,train
3718,3597,181,1,GUNTING,train
3848,3479,1137,1,GUNTING,train
3081,3052,203,1,GUNTING,train
2631,929,2294,3,TIDAK_VALID,train
2428,3476,2227,3,TIDAK_VALID,train
504,269,1003,0,BATU,train
1483,2274,2204,3,TIDAK_VALID,test
3099,3742,3948,2,KERTAS,train
1336,1240,2429,3,TIDAK_VALID,validation
768,898,399,0,BATU,test
995,718,803,0,BATU,validation
3913,3775,4030,2,KERTAS,validation
145,747,432,0,BATU,test
1341,1358,607,3,TIDAK_VALID,train
3411,3797,4057,2,KERTAS,train
2900,3036,980,1,GUNTING,train
3844,4041,3027,2,KERTAS,train
3385,3541,3120,2,KERTAS,train
3321,3523,251,1,GUNTING,validation
3018,3663,3821,2,KERTAS,train
702,60,497,0,BATU,train
3739,3732,1007,1,GUNTING,train
3059,4009,3119,2,KERTAS,validation
3163,3295,3762,2,KERTAS,train
3118,3452,119,1,GUNTING,test
704,257,1203,0,BATU,test
676,3835,638,3,TIDAK_VALID,validation
2808,3534,10,3,TIDAK_VALID,test
3340,2924,658,1,GUNTING,train
3572,3376,3864,2,KERTAS,train
3458,3485,111,1,GUNTING,train
1052,96,940,0,BATU,train
800,795,2664,3,TIDAK_VALID,validation
1171,88,169,0,BATU,train
3633,3226,164,1,GUNTING,train
478,264,691,0,BATU,train
33,684,521,0,BATU,test
3324,2955,270,1,GUNTING,train
3434,3959,1156,1,GUNTING,train
588,1375,1098,3,TIDAK_VALID,train
248,22,557,0,BATU,train
3202,3155,368,1,GUNTING,validation
3414,2373,2544,3,TIDAK_VALID,test
1010,910,2753,3,TIDAK_VALID,validation
1132,2508,2124,3,TIDAK_VALID,train
3007,3352,3440,2,KERTAS,train
4094,3295,3167,2,KERTAS,train
891,2735,2645,3,TIDAK_VALID,validation
1290,1283,3051,3,TIDAK_VALID,validation
333,157,1148,0,BATU,validation
441,179,1162,0,BATU,test
2944,2871,399,1,GUNTING,train
3529,3625,90,1,GUNTING,train
145,3354,987,3,TIDAK_VALID,train
3490,3877,3025,2,KERTAS,train
2907,3570,2969,2,KERTAS,train
889,1068,773,0,BATU,train
1,531,945,0,BATU,train
3817,3349,40,1,GUNTING,train
3267,3024,1207,1,GUNTING,train
4044,893,768,3,TIDAK_VALID,train
3212,3666,3923,2,KERTAS,test
3575,3629,3509,2,KERTAS,validation
2933,3488,765,1,GUNTING,train
582,1212,115,0,BATU,train
447,2828,571,3,TIDAK_VALID,train
723,2060,2644,3,TIDAK_VALID,validation
3391,1432,3128,3,TIDAK_VALID,train
3423,3896,2958,2,KERTAS,train
3050,30,3545,3,TIDAK_VALID,test
2939,4093,3896,2,KERTAS,validation
571,952,3992,3,TIDAK_VALID,train
4073,3612,3361,2,KERTAS,train
3083,3680,1080,1,GUNTING,train
3193,3483,3397,2,KERTAS,train
3471,3809,2416,3,TIDAK_VALID,test
678,615,843,0,BATU,train
3356,2274,3879,3,TIDAK_VALID,train
201,204,1027,0,BATU,train
1469,2441,2766,3,TIDAK_VALID,train
3006,3797,4053,2,KERTAS,validation
1754,1406,4036,3,TIDAK_VALID,train
1096,990,304,0,BATU,train
3468,2908,3572,2,KERTAS,train
802,153,363,0,BATU,train
3948,480,3570,3,TIDAK_VALID,train
1767,1711,1583,3,TIDAK_VALID,train
729,3087,1007,3,TIDAK_VALID,train
582,3677,1895,3,TIDAK_VALID,test
1493,3016,1703,3,TIDAK_VALID,validation
1027,92,909,0,BATU,train
765,516,472,0,BATU,train
3952,3882,3538,2,KERTAS,train
1144,183,1225,0,BATU,train
3705,1624,3877,3,TIDAK_VALID,train
28,1178,593,0,BATU,train
1874,1699,1224,3,TIDAK_VALID,validation
2884,3267,3819,2,KERTAS,validation
2,3771,406,3,TIDAK_VALID,train
2917,3253,1079,1,GUNTING,train
747,402,94,0,BATU,test
1134,1086,641,0,BATU,train
3801,2987,563,1,GUNTING,validation
703,2945,288,3,TIDAK_VALID,train
1424,2747,920,3,TIDAK_VALID,test
696,506,1142,0,BATU,validation
3314,3459,1135,1,GUNTING,train
3490,3360,3291,2,KERTAS,test
1399,3875,1035,3,TIDAK_VALID,test
2944,4020,3932,2,KERTAS,train
3444,3025,146,1,GUNTING,validation
3507,3923,4056,2,KERTAS,test
5,20,1220,0,BATU,train
933,2024,469,3,TIDAK_VALID,test
3774,3366,182,1,GUNTING,validation
3275,3952,3033,2,KERTAS,train
1667,341,3959,3,TIDAK_VALID,test
1154,717,639,0,BATU,validation
3060,3908,1017,1,GUNTING,validation
3376,3694,3208,2,KERTAS,train
2933,3931,28,1,GUNTING,train
1311,2748,2776,3,TIDAK_VALID,train
3222,3893,1185,1,GUNTING,test
3022,3425,3062,2,KERTAS,validation
3814,3389,2410,3,TIDAK_VALID,train
3589,757,1087,3,TIDAK_VALID,train
2216,735,2963,3,TIDAK_VALID,test
2997,3483,3103,2,KERTAS,train
1156,232,480,0,BATU,test
960,136,1225,0,BATU,train
3162,3362,370,1,GUNTING,validation
1104,2374,1230,3,TIDAK_VALID,test
3190,3916,26,1,GUNTING,train
1316,425,984,3,TIDAK_VALID,train
3211,3923,487,1,GUNTING,train
4048,4049,3336,2,KERTAS,train
3056,819,1077,3,TIDAK_VALID,train
1902,3480,847,3,TIDAK_VALID,validation
1395,2027,1239,3,TIDAK_VALID,test
3140,3335,3692,2,KERTAS,train
612,790,1065,0,BATU,train
485,906,316,0,BATU,train
3572,3785,214,1,GUNTING,train
877,1220,420,0,BATU,train
248,984,759,0,BATU,train
3924,3287,810,1,GUNTING,train
1010,796,960,0,BATU,train
3374,3123,4000,2,KERTAS,validation
4018,4050,3624,2,KERTAS,train
3349,3251,1040,1,GUNTING,train
542,509,641,0,BATU,train
2500,2006,519,3,TIDAK_VALID,train
3900,3078,161,1,GUNTING,test
3960,220,1713,3,TIDAK_VALID,train
203,995,19,0,BATU,test
3337,3449,314,1,GUNTING,train
3516,3422,4011,2,KERTAS,train
1140,2927,2530,3,TIDAK_VALID,train
3377,2986,65,1,GUNTING,validation
866,959,564,0,BATU,train
3883,3280,820,1,GUNTING,train
3965,3207,809,1,GUNTING,train
1428,58,2836,3,TIDAK_VALID,train
3879,3931,3463,2,KERTAS,test
754,1084,326,0,BATU,validation
870,3204,3527,3,TIDAK_VALID,test
1108,1078,1179,0,BATU,train
3249,3078,3935,2,KERTAS,train
1838,2934,1544,3,TIDAK_VALID,test
1057,22,1056,0,BATU,test
3080,3648,3392,2,KERTAS,validation
768,124,352,0,BATU,test
2887,4032,2941,2,KERTAS,test
3322,3117,137,1,GUNTING,train
3434,3912,1099,1,GUNTING,test
1080,349,1028,0,BATU,train
3218,3629,982,1,GUNTING,train
3308,3323,3396,2,KERTAS,train
3262,2838,3771,3,TIDAK_VALID,train
386,912,18,0,BATU,train
3226,799,2470,3,TIDAK_VALID,train
2001,2344,4091,3,TIDAK_VALID,train
3506,3330,3603,2,KERTAS,train
3262,2945,3124,2,KERTAS,train
3533,3183,211,1,GUNTING,train
3987,3246,4064,2,KERTAS,train
1039,639,1035,0,BATU,train
1701,2085,1922,3,TIDAK_VALID,train
3865,3949,672,1,GUNTING,train
241,381,955,0,BATU,train
3876,3558,685,1,GUNTING,train
3806,3772,2983,2,KERTAS,train
3672,3630,3680,2,KERTAS,validation
285,1168,123,0,BATU,test
3328,3941,201,1,GUNTING,train
3446,3756,3494,2,KERTAS,train
3275,3199,697,1,GUNTING,train
2900,3875,3108,2,KERTAS,train
210,253,714,0,BATU,validation
619,947,787,0,BATU,validation
2009,1025,2165,3,TIDAK_VALID,train
58,170,1129,0,BATU,train
1709,1234,1588,3,TIDAK_VALID,train
144,4017,3423,3,TIDAK_VALID,validation
3583,3710,3987,2,KERTAS,validation
2831,2954,2112,3,TIDAK_VALID,train
3984,3405,2967,2,KERTAS,train
3947,3631,957,1,GUNTING,test
2972,3431,432,1,GUNTING,test
3444,3404,3668,2,KERTAS,test
550,812,449,0,BATU,test
3474,3071,3520,2,KERTAS,train
3472,343,192,3,TIDAK_VALID,train
3630,3764,3842,2,KERTAS,validation
239,5,547,0,BATU,train
62,421,976,0,BATU,train
3277,1669,3368,3,TIDAK_VALID,validation
3047,3724,3323,2,KERTAS,validation
3,829,146,0,BATU,test
603,234,333,0,BATU,test
72,734,1002,0,BATU,train
4091,3689,3421,2,KERTAS,train
3047,3546,896,1,GUNTING,train
4011,3713,3557,2,KERTAS,train
659,1186,1184,0,BATU,train
3204,3394,485,1,GUNTING,train
3644,3495,4085,2,KERTAS,train
480,656,463,0,BATU,validation
33,913,1047,0,BATU,train
3495,2911,832,1,GUNTING,validation
1139,485,695,0,BATU,train
2960,3792,347,1,GUNTING,validation
487,1248,1931,3,TIDAK_VALID,train
3726,3521,3659,2,KERTAS,train
568,402,375,0,BATU,train
2116,1652,558,3,TIDAK_VALID,train
257,1011,244,0,BATU,train
27,624,351,0,BATU,validation
2095,842,1057,3,TIDAK_VALID,train
686,782,1145,0,BATU,validation
3256,3814,3007,2,KERTAS,validation
3202,2870,3392,2,KERTAS,train
3180,22,883,3,TIDAK_VALID,train
3118,3857,130,1,GUNTING,train
913,165,459,0,BATU,validation
3826,3265,3720,2,KERTAS,validation
914,1484,2875,3,TIDAK_VALID,test
1380,600,1174,3,TIDAK_VALID,train
3398,3119,3546,2,KERTAS,train
3896,3462,60,1,GUNTING,train
32,3380,1317,3,TIDAK_VALID,train
3609,3907,499,1,GUNTING,train
2951,3595,1215,1,GUNTING,train
3963,3139,762,1,GUNTING,validation
563,3752,2570,3,TIDAK_VALID,train
1191,901,453,0,BATU,train
3759,3108,358,1,GUNTING,train
3187,3061,1035,1,GUNTING,train
3355,3632,1134,1,GUNTING,train
3883,3455,911,1,GUNTING,test
3283,3110,627,1,GUNTING,validation
3688,3463,91,1,GUNTING,test
4006,3012,651,1,GUNTING,validation
3447,4060,679,1,GUNTING,train
3983,3014,2901,2,KERTAS,train
714,503,739,0,BATU,train
1958,541,2874,3,TIDAK_VALID,train
284,919,3179,3,TIDAK_VALID,train
3222,3174,1198,1,GUNTING,test
3865,3500,309,1,GUNTING,train
1855,1975,3150,3,TIDAK_VALID,train
406,1143,60,0,BATU,train
916,1003,129,0,BATU,train
3768,3114,2652,3,TIDAK_VALID,test
976,1029,349,0,BATU,train
3954,3816,3513,2,KERTAS,train
3344,3489,3252,2,KERTAS,train
1644,324,3187,3,TIDAK_VALID,test
776,1074,60,0,BATU,validation
3501,3340,3352,2,KERTAS,train
3709,1389,2473,3,TIDAK_VALID,test
971,261,3502,3,TIDAK_VALID,train
19,576,942,0,BATU,validation
3100,1634,1398,3,TIDAK_VALID,train
232,1045,548,0,BATU,train
2874,3982,87,1,GUNTING,train
3659,3262,4032,2,KERTAS,train
3669,1118,2583,3,TIDAK_VALID,train
731,1218,316,0,BATU,train
2891,3060,818,1,GUNTING,train
43,723,1146,0,BATU,test
3275,3801,50,1,GUNTING,validation
35,686,347,0,BATU,train
507,1076,349,0,BATU,train
1095,3567,50,3,TIDAK_VALID,validation
303,259,1479,3,TIDAK_VALID,train
3664,3127,2889,2,KERTAS,train
966,2348,3142,3,TIDAK_VALID,train
1136,262,666,0,BATU,validation
3644,3399,525,1,GUNTING,validation
3217,3423,1052,1,GUNTING,train
219,753,17,0,BATU,train
743,208,759,0,BATU,test
2882,3366,304,1,GUNTING,validation
958,548,1143,0,BATU,train
2689,3229,1258,3,TIDAK_VALID,validation
4087,3008,4041,2,KERTAS,train
3837,2946,312,1,GUNTING,train
1320,2942,724,3,TIDAK_VALID,test
2174,1024,2670,3,TIDAK_VALID,train
922,1175,250,0,BATU,test
3178,2324,1841,3,TIDAK_VALID,test
3425,2969,712,1,GUNTING,train
2773,101,656,3,TIDAK_VALID,train
286,451,450,0,BATU,train
2316,3493,2744,3,TIDAK_VALID,train
492,3088,629,3,TIDAK_VALID,validation
218,698,277,0,BATU,test
1733,555,1350,3,TIDAK_VALID,test
100,19,586,0,BATU,train
3571,3578,206,1,GUNTING,train
1421,885,1317,3,TIDAK_VALID,train
3362,3860,3227,2,KERTAS,train
889,639,452,0,BATU,train
3546,3726,796,1,GUNTING,train
3809,3510,805,1,GUNTING,validation
191,902,237,0,BATU,train
1081,2016,2294,3,TIDAK_VALID,train
522,1080,332,0,BATU,train
474,627,475,0,BATU,test
1605,748,3865,3,TIDAK_VALID,train
3205,2982,234,1,GUNTING,train
2005,407,3137,3,TIDAK_VALID,validation
1096,921,1218,0,BATU,train
485,3125,3535,3,TIDAK_VALID,test
3202,2942,3329,2,KERTAS,train
3583,3181,3120,2,KERTAS,train
3584,3257,3886,2,KERTAS,train
3424,3801,2607,3,TIDAK_VALID,train
2141,3038,2955,3,TIDAK_VALID,validation
527,858,1212,0,BATU,train
3578,1008,2002,3,TIDAK_VALID,train
1084,980,1068,0,BATU,train
1083,927,1132,0,BATU,test
3892,3363,362,1,GUNTING,validation
2923,366,3476,3,TIDAK_VALID,train
3874,3140,3515,2,KERTAS,train
3984,3699,3256,2,KERTAS,train
3626,3183,4063,2,KERTAS,train
3228,3092,346,1,GUNTING,train
3240,3696,574,1,GUNTING,train
152,50,955,0,BATU,train
4027,4030,3685,2,KERTAS,train
786,2576,1763,3,TIDAK_VALID,train
1498,214,700,3,TIDAK_VALID,train
3035,3159,3198,2,KERTAS,train
3547,4072,3013,2,KERTAS,train
3287,3734,3121,2,KERTAS,validation
3491,3006,3601,2,KERTAS,validation
303,905,833,0,BATU,train
4055,2891,3744,2,KERTAS,test
3248,4054,540,1,GUNTING,train
36,296,176,0,BATU,train
157,221,274,0,BATU,test
487,51,123,0,BATU,train
4030,3628,1209,1,GUNTING,test
3961,2981,3220,2,KERTAS,validation
305,301,198,0,BATU,train
1146,250,649,0,BATU,train
3697,3629,3258,2,KERTAS,test
3473,402,1805,3,TIDAK_VALID,validation
736,800,836,0,BATU,test
698,1339,1198,3,TIDAK_VALID,train
452,2281,3729,3,TIDAK_VALID,test
2517,872,992,3,TIDAK_VALID,validation
792,1183,1222,0,BATU,test
2929,3977,3951,2,KERTAS,train
3955,3296,3669,2,KERTAS,train
722,210,1137,0,BATU,train
3370,3090,899,1,GUNTING,train
3545,2918,540,1,GUNTING,train
3967,3058,1170,1,GUNTING,train
78,1190,382,0,BATU,train
3069,78,1967,3,TIDAK_VALID,train
3041,1931,2786,3,TIDAK_VALID,train
3464,3166,290,1,GUNTING,train
3042,3312,3826,2,KERTAS,test
184,249,811,0,BATU,train
3479,3633,3908,2,KERTAS,validation
276,1040,490,0,BATU,train
3795,3297,478,1,GUNTING,train
3382,733,3687,3,TIDAK_VALID,test
3338,3358,3653,2,KERTAS,train
2973,3177,2316,3,TIDAK_VALID,train
86,706,574,0,BATU,train
3481,3301,288,1,GUNTING,validation
248,673,947,0,BATU,validation
2973,4033,569,1,GUNTING,train
3742,3143,3774,2,KERTAS,train
1218,58,715,0,BATU,test
3839,2962,500,1,GUNTING,test
1761,3106,2889,3,TIDAK_VALID,validation
939,937,590,0,BATU,train
4040,3933,3224,2,KERTAS,train
356,7,1050,0,BATU,test
1193,318,620,0,BATU,train
3264,3924,308,1,GUNTING,train
1909,2706,2407,3,TIDAK_VALID,validation
3058,3271,3306,2,KERTAS,test
3652,2877,3677,2,KERTAS,train
3831,4016,465,1,GUNTING,test
3540,3550,71,1,GUNTING,train
221,537,1082,0,BATU,validation
3110,3882,1225,1,GUNTING,train
3401,3824,3390,2,KERTAS,train
763,1060,1011,0,BATU,test
3089,2581,1409,3,TIDAK_VALID,test
3241,3905,3249,2,KERTAS,validation
4026,3391,1107,1,GUNTING,train
3188,3208,1140,1,GUNTING,train
2983,3556,4043,2,KERTAS,validation
576,800,157,0,BATU,train
327,337,313,0,BATU,train
3001,3993,3603,2,KERTAS,train
129,1111,1063,0,BATU,train
3203,3686,3784,2,KERTAS,train
3760,3928,176,1,GUNTING,train
2832,1255,3637,3,TIDAK_VALID,train
283,46,682,0,BATU,train
3056,3019,4004,2,KERTAS,train
2954,4013,1151,1,GUNTING,train
3306,2154,917,3,TIDAK_VALID,train
3188,2969,3532,2,KERTAS,train
1477,1587,1853,3,TIDAK_VALID,test
1829,3419,3471,3,TIDAK_VALID,test
3002,3136,234,1,GUNTING,validation
972,2777,1534,3,TIDAK_VALID,train
3855,3957,2976,2,KERTAS,test
4088,3172,2891,2,KERTAS,test
3261,3590,634,1,GUNTING,train
3205,3955,836,1,GUNTING,train
3593,3846,4066,2,KERTAS,train
3448,2977,3366,2,KERTAS,train
3079,3944,3205,2,KERTAS,train
3592,3309,355,1,GUNTING,train
2944,3013,3837,2,KERTAS,train
577,22,3509,3,TIDAK_VALID,train
1251,2311,1691,3,TIDAK_VALID,train
3343,2142,3967,3,TIDAK_VALID,train
3185,3820,3942,2,KERTAS,validation
3875,3720,3786,2,KERTAS,train
1541,577,1642,3,TIDAK_VALID,test
1140,325,49,0,BATU,train
345,410,213,0,BATU,train
875,692,609,0,BATU,train
174,364,2537,3,TIDAK_VALID,validation
2600,65,3741,3,TIDAK_VALID,train
3615,3401,396,1,GUNTING,train
1987,2700,2761,3,TIDAK_VALID,train
3158,2944,3913,2,KERTAS,train
3911,4090,132,1,GUNTING,train
3149,4077,867,1,GUNTING,train
3946,3986,3256,2,KERTAS,test
3473,3667,107,1,GUNTING,train
580,336,2612,3,TIDAK_VALID,test
3223,4031,3272,2,KERTAS,test
3001,3358,3768,2,KERTAS,train
243,2860,3288,3,TIDAK_VALID,train
3002,3689,290,1,GUNTING,validation
526,847,1067,0,BATU,train
604,2931,1982,3,TIDAK_VALID,test
3407,2979,3408,2,KERTAS,train
1804,222,1624,3,TIDAK_VALID,train
1986,916,2656,3,TIDAK_VALID,validation
3527,3278,3831,2,KERTAS,train
1085,370,946,0,BATU,train
650,304,3630,3,TIDAK_VALID,train
2586,1256,1564,3,TIDAK_VALID,train
3769,3347,3928,2,KERTAS,train
600,2290,750,3,TIDAK_VALID,train
3817,3755,3744,2,KERTAS,train
244,2978,432,3,TIDAK_VALID,train
3639,2041,2285,3,TIDAK_VALID,validation
223,651,868,0,BATU,train
3262,3916,3964,2,KERTAS,train
1135,711,6,0,BATU,train
2242,3226,1306,3,TIDAK_VALID,train
3518,387,2732,3,TIDAK_VALID,train
1052,3509,1484,3,TIDAK_VALID,train
3683,3081,1004,1,GUNTING,test
3544,3780,3679,2,KERTAS,train
972,193,1856,3,TIDAK_VALID,train
1969,2951,2913,3,TIDAK_VALID,train
3933,1504,362,3,TIDAK_VALID,train
827,882,373,0,BATU,test
1075,204,1007,0,BATU,train
27,739,938,0,BATU,train
2488,3927,3407,3,TIDAK_VALID,train
3601,3528,3991,2,KERTAS,validation
3126,3024,467,1,GUNTING,train
4094,3749,58,1,GUNTING,train
770,401,788,0,BATU,train
944,1047,620,0,BATU,train
762,551,1162,0,BATU,validation
3651,3882,3600,2,KERTAS,train
3742,3436,1197,1,GUNTING,train
2946,3527,3651,2,KERTAS,train
3665,3976,3850,2,KERTAS,train
3435,3480,3630,2,KERTAS,test
3761,1001,3849,3,TIDAK_VALID,test
956,1057,303,0,BATU,train
3062,4048,275,1,GUNTING,test
3699,3772,3235,2,KERTAS,train
3718,3401,3853,2,KERTAS,train
3143,3272,579,1,GUNTING,train
3226,3439,11,1,GUNTING,train
4011,3518,219,1,GUNTING,train
389,44,514,0,BATU,train
2952,3741,3503,2,KERTAS,test
1142,22,1136,0,BATU,train
3078,4009,53,1,GUNTING,train
2281,861,3012,3,TIDAK_VALID,train
116,1065,870,0,BATU,train
3465,3197,3311,2,KERTAS,validation
1164,498,994,0,BATU,train
413,1213,20,0,BATU,train
3317,3347,742,1,GUNTING,train
3075,4038,240,1,GUNTING,train
3529,3348,3179,2,KERTAS,train
2672,448,2085,3,TIDAK_VALID,train
248,930,1217,0,BATU,train
3959,4008,3459,2,KERTAS,test
483,4090,1064,3,TIDAK_VALID,train
3665,3942,3063,2,KERTAS,test
3981,569,2349,3,TIDAK_VALID,train
602,700,634,0,BATU,validation
2187,2436,167,3,TIDAK_VALID,train
3055,3313,890,1,GUNTING,train
3009,2914,404,1,GUNTING,train
3488,4076,274,1,GUNTING,train
1145,838,1197,0,BATU,train
2972,3249,15,1,GUNTING,train
807,50,1168,0,BATU,validation
3000,2944,3668,2,KERTAS,train
3347,3846,963,1,GUNTING,train
3377,3590,76,1,GUNTING,train
384,235,1219,0,BATU,test
671,1403,1047,3,TIDAK_VALID,train
862,1171,749,0,BATU,train
3255,2734,4026,3,TIDAK_VALID,train
830,150,1244,3,TIDAK_VALID,train
469,430,620,0,BATU,test
2584,2554,1597,3,TIDAK_VALID,train
3318,3970,3426,2,KERTAS,train
589,1202,583,0,BATU,train
3145,3850,3874,2,KERTAS,validation
260,1135,538,0,BATU,train
3715,2985,232,1,GUNTING,train
3756,3061,978,1,GUNTING,test
122,745,82,0,BATU,train
3452,3492,882,1,GUNTING,train
3994,4013,3979,2,KERTAS,validation
3403,2974,1208,1,GUNTING,test
3833,3746,2871,2,KERTAS,train
3047,3699,3353,2,KERTAS,train
417,917,1155,0,BATU,validation
958,313,962,0,BATU,validation
3652,2043,515,3,TIDAK_VALID,train
320,396,298,0,BATU,train
4063,1609,365,3,TIDAK_VALID,train
1656,326,1659,3,TIDAK_VALID,train
3977,3679,3239,2,KERTAS,test
3910,3180,3746,2,KERTAS,train
397,679,102,0,BATU,validation
3337,3187,4036,2,KERTAS,train
1360,1930,2606,3,TIDAK_VALID,train
3516,3302,3502,2,KERTAS,train
611,638,624,0,BATU,train
3144,3672,402,1,GUNTING,train
190,1156,206,0,BATU,train
925,698,765,0,BATU,test
3347,3546,3152,2,KERTAS,train
1953,1412,2095,3,TIDAK_VALID,train
339,509,52,0,BATU,train
3465,4054,929,1,GUNTING,train
2894,3400,3702,2,KERTAS,train
4010,3446,3195,2,KERTAS,validation
3206,3542,3124,2,KERTAS,train
711,1099,904,0,BATU,test
3337,3714,3149,2,KERTAS,train
3669,2495,2928,3,TIDAK_VALID,train
2935,3314,3710,2,KERTAS,train
2929,3234,4080,2,KERTAS,train
718,798,104,0,BATU,train
3312,3712,3498,2,KERTAS,train
3687,3671,263,1,GUNTING,validation
3042,3745,738,1,GUNTING,train
3184,1324,1928,3,TIDAK_VALID,validation
3957,1465,4091,3,TIDAK_VALID,train
91,549,502,0,BATU,train
268,1084,1674,3,TIDAK_VALID,train
2016,905,1603,3,TIDAK_VALID,test
2736,731,484,3,TIDAK_VALID,train
2899,3270,3699,2,KERTAS,train
159,187,777,0,BATU,train
3961,3411,747,1,GUNTING,validation
376,2969,2096,3,TIDAK_VALID,validation
2045,2554,2697,3,TIDAK_VALID,train
3121,3129,3342,2,KERTAS,train
3375,3219,3977,2,KERTAS,train
3043,3471,1100,1,GUNTING,test
2897,3480,3054,2,KERTAS,train
201,821,463,0,BATU,train
3847,3821,1067,1,GUNTING,train
4068,1321,3694,3,TIDAK_VALID,train
3130,3726,3564,2,KERTAS,train
3983,3489,3960,2,KERTAS,test
3691,3098,2743,3,TIDAK_VALID,validation
3024,3124,554,1,GUNTING,train
3424,3661,929,1,GUNTING,validation
3672,3426,3045,2,KERTAS,test
3509,4085,231,1,GUNTING,validation
2892,3161,3739,2,KERTAS,train
1000,3298,878,3,TIDAK_VALID,train
3368,3863,418,1,GUNTING,train
3351,3037,3764,2,KERTAS,train
3242,3350,99,1,GUNTING,test
3118,3480,3507,2,KERTAS,train
3640,1362,1559,3,TIDAK_VALID,train
2869,3909,3311,2,KERTAS,train
3424,3100,237,1,GUNTING,train
1250,3088,3464,3,TIDAK_VALID,train
719,922,925,0,BATU,validation
1204,563,963,0,BATU,train
618,186,432,0,BATU,train
2871,4092,295,1,GUNTING,validation
2452,850,174,3,TIDAK_VALID,test
2494,1114,1701,3,TIDAK_VALID,test
3065,3587,146,1,GUNTING,train
3532,3658,3220,2,KERTAS,train
779,130,172,0,BATU,train
1450,2683,1663,3,TIDAK_VALID,test
301,404,898,0,BATU,train
3653,3084,2912,2,KERTAS,train
3923,3410,3074,2,KERTAS,validation
72,2535,3541,3,TIDAK_VALID,train
980,123,251,0,BATU,train
2950,3715,3746,2,KERTAS,train
2339,3312,2500,3,TIDAK_VALID,train
3080,4016,3360,2,KERTAS,train
118,492,7,0,BATU,test
3185,441,484,3,TIDAK_VALID,train
1942,3473,3728,3,TIDAK_VALID,validation
3830,3884,388,1,GUNTING,train
3155,3520,251,1,GUNTING,train
1520,2481,3295,3,TIDAK_VALID,train
459,3888,2015,3,TIDAK_VALID,validation
3251,2874,795,1,GUNTING,test
3139,3758,2867,2,KERTAS,validation
484,995,464,0,BATU,train
4012,3989,3846,2,KERTAS,train
2870,3063,636,1,GUNTING,test
3268,3943,3197,2,KERTAS,train
1233,857,4007,3,TIDAK_VALID,train
3606,3386,524,1,GUNTING,train
3731,2886,571,1,GUNTING,validation
3600,3665,838,1,GUNTING,train
3001,3334,622,1,GUNTING,train
3515,3545,3656,2,KERTAS,train
3552,3312,3335,2,KERTAS,validation
850,923,949,0,BATU,validation
2575,2081,3821,3,TIDAK_VALID,test
3688,3358,588,1,GUNTING,train
3870,3709,629,1,GUNTING,train
597,4071,3162,3,TIDAK_VALID,train
3297,3750,3028,2,KERTAS,train
645,2124,3779,3,TIDAK_VALID,train
1098,523,403,0,BATU,train
3951,4035,538,1,GUNTING,train
376,2475,2054,3,TIDAK_VALID,train
63,1977,226,3,TIDAK_VALID,validation
4066,1918,1709,3,TIDAK_VALID,test
4049,2978,3730,2,KERTAS,validation
3306,3819,854,1,GUNTING,train
1042,802,988,0,BATU,train
2983,2987,3617,2,KERTAS,train
3447,815,1100,3,TIDAK_VALID,train
3796,4017,1114,1,GUNTING,train
1018,1037,42,0,BATU,validation
221,508,553,0,BATU,train
1043,191,745,0,BATU,train
3745,3194,3550,2,KERTAS,train
410,334,565,0,BATU,train
47,1992,628,3,TIDAK_VALID,train
3443,3783,3332,2,KERTAS,train
3630,1837,1514,3,TIDAK_VALID,train
156,180,1205,0,BATU,train
3956,3340,1224,1,GUNTING,train
2156,1013,1425,3,TIDAK_VALID,train
2050,245,3791,3,TIDAK_VALID,train
2509,742,1336,3,TIDAK_VALID,train
695,527,1214,0,BATU,test
124,709,326,0,BATU,test
2905,3371,2214,3,TIDAK_VALID,train
2946,2995,1027,1,GUNTING,validation
1880,3285,3241,3,TIDAK_VALID,validation
188,1131,419,0,BATU,train
2924,3239,3894,2,KERTAS,validation
155,177,851,0,BATU,train
405,73,578,0,BATU,validation
3923,3607,464,1,GUNTING,train
1017,729,726,0,BATU,train
1104,937,332,0,BATU,train
3989,4003,3233,2,KERTAS,train
284,268,904,0,BATU,validation
11,231,38,0,BATU,train
3568,3709,3085,2,KERTAS,train
977,1162,311,0,BATU,train
1748,3657,2477,3,TIDAK_VALID,test
2790,1483,190,3,TIDAK_VALID,train
3346,3516,41,1,GUNTING,train
223,3381,3031,3,TIDAK_VALID,train
1249,71,1862,3,TIDAK_VALID,train
3530,3887,3811,2,KERTAS,train
3693,3656,233,1,GUNTING,train
659,534,162,0,BATU,train
3446,3901,1124,1,GUNTING,train
3501,3997,1003,1,GUNTING,test
775,47,95,0,BATU,validation
827,560,190,0,BATU,train
4079,3946,3108,2,KERTAS,train
437,3201,2824,3,TIDAK_VALID,validation
3199,3882,432,1,GUNTING,train
3565,955,3017,3,TIDAK_VALID,train
3377,3202,19,1,GUNTING,train
358,630,991,0,BATU,validation
104,420,882,0,BATU,train
628,1304,3554,3,TIDAK_VALID,train
3287,3696,743,1,GUNTING,test
1481,3885,183,3,TIDAK_VALID,train
436,1193,1097,0,BATU,train
3909,1291,1451,3,TIDAK_VALID,train
3412,3287,459,1,GUNTING,train
3672,3828,1017,1,GUNTING,train
853,133,984,0,BATU,test
3307,3070,3005,2,KERTAS,train
3119,2373,3388,3,TIDAK_VALID,test
577,314,1049,0,BATU,test
626,2072,2394,3,TIDAK_VALID,train
3722,2955,586,1,GUNTING,train
3350,3672,1027,1,GUNTING,train
639,375,3633,3,TIDAK_VALID,train
745,1153,423,0,BATU,train
1005,911,576,0,BATU,train
3059,253,4070,3,TIDAK_VALID,train
132,142,761,0,BATU,train
4066,3721,1988,3,TIDAK_VALID,train
416,1037,593,0,BATU,train
3199,3547,3472,2,KERTAS,train
288,1105,235,0,BATU,validation
1871,244,273,3,TIDAK_VALID,test
80,789,807,0,BATU,validation
3017,3074,3399,2,KERTAS,validation
3692,3811,621,1,GUNTING,train
3229,3830,999,1,GUNTING,test
3543,4089,602,1,GUNTING,validation
3698,3912,924,1,GUNTING,train
495,1025,837,0,BATU,train
104,682,985,0,BATU,train
3872,3427,3210,2,KERTAS,train
3433,420,3375,3,TIDAK_VALID,test
463,484,161,0,BATU,train
3277,3074,3187,2,KERTAS,train
4046,4042,866,1,GUNTING,test
3128,3847,3311,2,KERTAS,test
4071,3146,291,1,GUNTING,train
390,1171,357,0,BATU,train
3578,3840,3189,2,KERTAS,train
885,301,529,0,BATU,test
676,96,1044,0,BATU,train
3074,3737,565,1,GUNTING,test
770,477,424,0,BATU,train
3978,2689,2410,3,TIDAK_VALID,validation
3120,3283,3638,2,KERTAS,train
1204,219,1733,3,TIDAK_VALID,validation
3111,3406,3964,2,KERTAS,test
3572,3707,75,1,GUNTING,train
3118,3230,3942,2,KERTAS,train
3668,3293,560,1,GUNTING,train
1669,1332,3546,3,TIDAK_VALID,train
3846,3420,3897,2,KERTAS,validation
2101,721,238,3,TIDAK_VALID,train
624,601,409,0,BATU,train
2020,1985,743,3,TIDAK_VALID,train
139,1197,878,0,BATU,validation
3852,3230,1170,1,GUNTING,test
3759,3150,3623,2,KERTAS,train
3574,3564,1018,1,GUNTING,train
3621,3881,553,1,GUNTING,train
3469,3234,374,1,GUNTING,test
3022,3415,728,1,GUNTING,validation
64,587,1089,0,BATU,train
73,1002,266,0,BATU,test
3227,1509,1003,3,TIDAK_VALID,train
4089,2948,2506,3,TIDAK_VALID,train
3657,3840,3565,2,KERTAS,validation
62,1066,376,0,BATU,train
339,1104,1020,0,BATU,test
125,802,1174,0,BATU,train
396,857,1176,0,BATU,train
3578,3502,837,1,GUNTING,train
391,1065,1129,0,BATU,validation
1165,1010,1,0,BATU,test
2914,3618,1056,1,GUNTING,test
1338,111,1133,3,TIDAK_VALID,test
466,797,1189,0,BATU,train
2884,3940,2992,2,KERTAS,validation
1151,745,873,0,BATU,train
3050,3338,3672,2,KERTAS,train
364,2999,1098,3,TIDAK_VALID,train
3599,3253,406,1,GUNTING,train
3402,3375,1075,1,GUNTING,test
2039,4043,963,3,TIDAK_VALID,train
790,1194,304,0,BATU,train
1256,3464,2998,3,TIDAK_VALID,train
3688,3911,3007,2,KERTAS,train
3076,3371,3899,2,KERTAS,train
1002,3614,154,3,TIDAK_VALID,train
2565,1158,2024,3,TIDAK_VALID,train
3583,3647,178,1,GUNTING,test
3197,3717,591,1,GUNTING,train
3701,3162,516,1,GUNTING,train
4026,2924,934,1,GUNTING,train
325,1122,172,0,BATU,train
3427,3315,3695,2,KERTAS,validation
2085,180,662,3,TIDAK_VALID,train
3189,2980,681,1,GUNTING,train
990,2043,672,3,TIDAK_VALID,train
546,226,4000,3,TIDAK_VALID,validation
3331,3464,559,1,GUNTING,test
926,350,412,0,BATU,train
2660,383,3006,3,TIDAK_VALID,train
364,2374,1426,3,TIDAK_VALID,train
302,81,559,0,BATU,train
3185,3420,272,1,GUNTING,validation
2949,3296,4077,2,KERTAS,train
165,601,1894,3,TIDAK_VALID,train
3294,3561,2901,2,KERTAS,test
208,260,111,0,BATU,train
1377,2124,3315,3,TIDAK_VALID,train
3429,3298,1499,3,TIDAK_VALID,train
3997,3750,2985,2,KERTAS,test
3189,3532,137,1,GUNTING,test
322,1036,478,0,BATU,validation
3797,624,1975,3,TIDAK_VALID,test
652,744,1066,0,BATU,train
3910,3273,240,1,GUNTING,train
2487,675,1221,3,TIDAK_VALID,train
817,3401,390,3,TIDAK_VALID,validation
2647,1416,923,3,TIDAK_VALID,train
3753,4042,3086,2,KERTAS,train
388,43,175,0,BATU,validation
1215,184,1021,0,BATU,train
2986,825,1839,3,TIDAK_VALID,train
1459,1010,3939,3,TIDAK_VALID,train
2262,2488,2507,3,TIDAK_VALID,validation
4070,3386,99,1,GUNTING,train
566,874,185,0,BATU,train
768,725,332,0,BATU,validation
3517,2942,1024,1,GUNTING,train
3219,3026,616,1,GUNTING,train
1841,1322,87,3,TIDAK_VALID,train
138,1060,2,0,BATU,train
3267,3200,797,1,GUNTING,train
3391,3083,240,1,GUNTING,test
293,1043,70,0,BATU,train
1650,126,912,3,TIDAK_VALID,validation
2906,3341,3950,2,KERTAS,train
3591,1160,962,3,TIDAK_VALID,validation
3800,3721,171,1,GUNTING,train
3614,3665,3848,2,KERTAS,train
4088,3438,1064,1,GUNTING,train
187,2175,3037,3,TIDAK_VALID,validation
3136,3454,282,1,GUNTING,test
1091,997,429,0,BATU,train
752,927,1035,0,BATU,train
3879,3543,760,1,GUNTING,train
3151,3084,847,1,GUNTING,validation
3646,3933,4088,2,KERTAS,test
3736,2990,2926,2,KERTAS,validation
2900,2913,3031,2,KERTAS,train
4062,3426,3663,2,KERTAS,train
3166,2231,3843,3,TIDAK_VALID,validation
302,52,275,0,BATU,train
3504,3669,441,1,GUNTING,train
4094,3238,2899,2,KERTAS,train
2911,3428,3678,2,KERTAS,train
1030,1071,197,0,BATU,validation
2836,89,3975,3,TIDAK_VALID,test
1366,2815,201,3,TIDAK_VALID,train
4059,2998,3034,2,KERTAS,test
3557,3270,396,1,GUNTING,train
3055,3800,815,1,GUNTING,test
1141,619,653,0,BATU,train
541,883,279,0,BATU,test
1165,709,990,0,BATU,train
3904,3318,3260,2,KERTAS,train
1118,249,666,0,BATU,train
3992,3288,291,1,GUNTING,train
2951,3838,3881,2,KERTAS,test
3590,1325,2779,3,TIDAK_VALID,train
2939,3724,3747,2,KERTAS,train
2849,268,1411,3,TIDAK_VALID,train
3622,3475,758,1,GUNTING,train
3069,3448,3810,2,KERTAS,test
506,496,1134,0,BATU,train
2311,230,1023,3,TIDAK_VALID,validation
3550,3596,2894,2,KERTAS,validation
3545,3398,1016,1,GUNTING,train
3952,3732,3717,2,KERTAS,train
3358,2157,1738,3,TIDAK_VALID,train
327,1191,957,0,BATU,train
160,2868,1244,3,TIDAK_VALID,test
3128,4049,3230,2,KERTAS,test
697,2846,1488,3,TIDAK_VALID,train
3590,3576,3241,2,KERTAS,train
4045,3957,348,1,GUNTING,train
3526,3340,971,1,GUNTING,validation
3319,3482,3629,2,KERTAS,train
3727,422,3801,3,TIDAK_VALID,validation
3629,3889,3904,2,KERTAS,validation
3403,3123,57,1,GUNTING,train
3941,2886,3817,2,KERTAS,train
3854,1557,3183,3,TIDAK_VALID,test
3524,3985,2993,2,KERTAS,train
3677,3041,137,1,GUNTING,train
667,1668,3764,3,TIDAK_VALID,train
3036,4079,885,1,GUNTING,test
3125,3673,3788,2,KERTAS,train
3782,3186,3066,2,KERTAS,train
3965,3968,3511,2,KERTAS,validation
3030,3784,514,1,GUNTING,train
3066,3314,1043,1,GUNTING,train
4053,3106,3152,2,KERTAS,validation
3668,3607,3432,2,KERTAS,train
3821,3930,3169,2,KERTAS,train
3622,3110,1100,1,GUNTING,train
3273,3098,893,1,GUNTING,train
876,550,425,0,BATU,train
441,3904,3711,3,TIDAK_VALID,train
3263,3980,367,1,GUNTING,train
3050,3887,178,1,GUNTING,validation
3952,3988,1082,1,GUNTING,train
3934,2884,325,1,GUNTING,test
2891,4028,3794,2,KERTAS,test
3682,2875,858,1,GUNTING,test
3670,4015,3045,2,KERTAS,train
3906,3327,3268,2,KERTAS,train
3055,3273,823,1,GUNTING,train
2363,1636,3413,3,TIDAK_VALID,train
3623,3551,3146,2,KERTAS,validation
3930,4021,3390,2,KERTAS,validation
3127,3591,3293,2,KERTAS,test
3796,3270,1009,1,GUNTING,train
2423,3403,2425,3,TIDAK_VALID,train
3920,2686,3314,3,TIDAK_VALID,train
402,466,842,0,BATU,train
3165,4055,3335,2,KERTAS,train
1023,217,520,0,BATU,train
643,232,977,0,BATU,train
3156,3203,2922,2,KERTAS,train
42,946,982,0,BATU,train
3486,3978,227,1,GUNTING,train
3004,3503,123,1,GUNTING,train
2593,960,212,3,TIDAK_VALID,train
3753,2879,3898,2,KERTAS,validation
4066,2907,900,1,GUNTING,train
1482,2318,3657,3,TIDAK_VALID,validation
4089,4057,272,1,GUNTING,train
896,981,816,0,BATU,train
3443,2924,35,1,GUNTING,test
1047,718,903,0,BATU,train
703,189,909,0,BATU,train
3131,3005,3134,2,KERTAS,train
3657,3427,3677,2,KERTAS,train
3938,3676,3792,2,KERTAS,train
3724,3139,399,1,GUNTING,train
1733,1872,1148,3,TIDAK_VALID,train
3981,3281,751,1,GUNTING,train
3708,3759,3904,2,KERTAS,train
3549,3110,634,1,GUNTING,test
1994,2092,3167,3,TIDAK_VALID,train
2214,385,3795,3,TIDAK_VALID,test
3610,4079,320,1,GUNTING,validation
2395,892,1133,3,TIDAK_VALID,train
3456,3204,3388,2,KERTAS,train
1023,829,1465,3,TIDAK_VALID,train
998,872,575,0,BATU,train
364,179,787,0,BATU,validation
3807,3462,3684,2,KERTAS,test
2488,2819,2995,3,TIDAK_VALID,train
3179,889,461,3,TIDAK_VALID,train
2123,2049,627,3,TIDAK_VALID,train
390,96,37,0,BATU,train
3344,3290,3347,2,KERTAS,validation
3737,3040,3206,2,KERTAS,train
3302,3889,3494,2,KERTAS,train
1187,3578,3007,3,TIDAK_VALID,train
3283,3714,3856,2,KERTAS,validation
3010,4001,3080,2,KERTAS,train
3830,422,2601,3,TIDAK_VALID,train
3561,3046,3493,2,KERTAS,train
3189,3743,3219,2,KERTAS,test
2614,3065,1033,3,TIDAK_VALID,train
3393,990,1404,3,TIDAK_VALID,train
3747,3453,3221,2,KERTAS,train
3247,3560,382,1,GUNTING,validation
54,493,398,0,BATU,train
3902,3672,4054,2,KERTAS,train
3537,3624,359,1,GUNTING,train
3471,2107,2211,3,TIDAK_VALID,train
3956,4005,3678,2,KERTAS,train
3662,3745,3031,2,KERTAS,train
3307,3878,775,1,GUNTING,test
747,571,492,0,BATU,train
3926,3687,937,1,GUNTING,train
1191,124,727,0,BATU,train
434,967,1022,0,BATU,train
3167,3204,3425,2,KERTAS,validation
1096,282,209,0,BATU,train
2943,3001,117,1,GUNTING,train
2225,2573,3560,3,TIDAK_VALID,test
1900,732,3212,3,TIDAK_VALID,test
4054,4070,3025,2,KERTAS,train
235,30,1139,0,BATU,train
3485,3999,623,1,GUNTING,train
3242,3520,2934,2,KERTAS,train
3840,3488,3084,2,KERTAS,validation
940,780,680,0,BATU,train
3957,3610,3514,2,KERTAS,train
2415,99,739,3,TIDAK_VALID,train
3361,3056,649,1,GUNTING,train
519,953,397,0,BATU,validation
3721,3585,638,1,GUNTING,train
3719,3033,3614,2,KERTAS,train
521,3092,3784,3,TIDAK_VALID,train
3505,3981,810,1,GUNTING,train
1100,825,292,0,BATU,train
3263,3136,3899,2,KERTAS,test
4004,1146,1257,3,TIDAK_VALID,train
3359,3991,3296,2,KERTAS,train
3822,3692,3820,2,KERTAS,train
3087,3417,3847,2,KERTAS,train
4091,1471,2962,3,TIDAK_VALID,train
4095,3638,2948,2,KERTAS,validation
3536,3376,1216,1,GUNTING,train
1287,1234,792,3,TIDAK_VALID,validation
3571,3058,993,1,GUNTING,test
55,1150,1029,0,BATU,train
1195,114,954,0,BATU,test
3841,3820,3041,2,KERTAS,train
4077,3823,2947,2,KERTAS,train
3142,3496,458,1,GUNTING,test
3151,3635,3536,2,KERTAS,test
3496,3571,3969,2,KERTAS,train
3694,3213,1124,1,GUNTING,train
3898,3474,136,1,GUNTING,test
4070,3138,3320,2,KERTAS,train
3998,3196,3035,2,KERTAS,train
3920,3800,3730,2,KERTAS,train
3709,3389,182,1,GUNTING,test
3849,1222,1543,3,TIDAK_VALID,train
477,3020,2868,3,TIDAK_VALID,train
3756,2974,1223,1,GUNTING,train
917,900,798,0,BATU,test
3056,2926,3670,2,KERTAS,train
106,301,14,0,BATU,train
1090,60,926,0,BATU,train
4044,3835,3388,2,KERTAS,train
2971,3894,1146,1,GUNTING,train
3916,3844,2987,2,KERTAS,train
3055,2490,3089,3,TIDAK_VALID,train
3054,3504,589,1,GUNTING,train
3254,3089,230,1,GUNTING,train
3663,3853,3202,2,KERTAS,validation
3105,3666,719,1,GUNTING,train
482,296,924,0,BATU,train
642,857,649,0,BATU,validation
924,1163,287,0,BATU,test
3688,3896,3562,2,KERTAS,train
3545,3794,3534,2,KERTAS,validation
4027,3304,3382,2,KERTAS,train
3643,3097,1054,1,GUNTING,train
1118,975,72,0,BATU,train
4037,3707,3392,2,KERTAS,train
3271,3085,1038,1,GUNTING,test
2890,3425,759,1,GUNTING,train
3002,3840,4024,2,KERTAS,train
3385,3043,475,1,GUNTING,validation
817,842,323,0,BATU,train
3150,3766,1614,3,TIDAK_VALID,train
3237,1143,3303,3,TIDAK_VALID,test
193,251,927,0,BATU,validation
593,2794,491,3,TIDAK_VALID,train
2151,1900,2906,3,TIDAK_VALID,train
398,1849,3106,3,TIDAK_VALID,validation
3313,3873,792,1,GUNTING,train
3985,1862,602,3,TIDAK_VALID,train
835,263,122,0,BATU,train
1571,2360,2635,3,TIDAK_VALID,train
3577,188,1227,3,TIDAK_VALID,test
3999,2092,2545,3,TIDAK_VALID,test
3851,2912,2901,2,KERTAS,train
3319,2905,3387,2,KERTAS,train
915,1008,921,0,BATU,train
3227,3159,544,1,GUNTING,train
4033,3296,200,1,GUNTING,validation
3825,2671,388,3,TIDAK_VALID,train
4003,4085,156,1,GUNTING,test
2724,805,1662,3,TIDAK_VALID,test
249,492,677,0,BATU,validation
226,204,55,0,BATU,train
2795,2575,3313,3,TIDAK_VALID,train
169,980,655,0,BATU,test
1374,705,1902,3,TIDAK_VALID,train
3137,3855,538,1,GUNTING,train
3418,3077,3018,2,KERTAS,train
3195,3545,295,1,GUNTING,train
913,347,3235,3,TIDAK_VALID,train
1944,974,2818,3,TIDAK_VALID,validation
453,660,365,0,BATU,train
1910,3822,4087,3,TIDAK_VALID,train
4047,3703,1005,1,GUNTING,train
361,3471,827,3,TIDAK_VALID,test
3796,3349,3673,2,KERTAS,train
1804,1011,564,3,TIDAK_VALID,validation
2913,3626,3218,2,KERTAS,test
3526,2150,3780,3,TIDAK_VALID,train
3359,3066,2935,2,KERTAS,train
755,549,490,0,BATU,train
1143,44,763,0,BATU,train
3179,3676,2892,2,KERTAS,train
1171,400,685,0,BATU,validation
3469,3904,1112,1,GUNTING,test
422,878,1084,0,BATU,validation
52,1086,872,0,BATU,train
829,1001,1109,0,BATU,train
3720,3316,196,1,GUNTING,train
3572,3058,554,1,GUNTING,train
2931,2980,2975,2,KERTAS,train
3015,3616,682,1,GUNTING,validation
209,1202,613,0,BATU,train
288,674,524,0,BATU,train
3920,3556,4026,2,KERTAS,train
456,4068,1360,3,TIDAK_VALID,validation
322,2050,2642,3,TIDAK_VALID,train
238,2251,1568,3,TIDAK_VALID,train
4059,4032,3202,2,KERTAS,train
3123,2868,868,1,GUNTING,test
3551,2413,2264,3,TIDAK_VALID,train
494,805,1097,0,BATU,test
91,163,1016,0,BATU,train
3335,3916,3044,2,KERTAS,train
1744,2501,16,3,TIDAK_VALID,train
2968,4092,864,1,GUNTING,test
3590,1948,1756,3,TIDAK_VALID,test
3629,3738,1638,3,TIDAK_VALID,train
3326,3587,3990,2,KERTAS,train
39,483,1070,0,BATU,train
3969,3878,3093,2,KERTAS,train
4036,3582,2090,3,TIDAK_VALID,train
203,760,1307,3,TIDAK_VALID,train
3277,3961,3751,2,KERTAS,train
3620,3391,972,1,GUNTING,train
2043,3403,3334,3,TIDAK_VALID,train
866,86,591,0,BATU,train
220,736,1074,0,BATU,train
3,367,682,0,BATU,train
3290,3592,622,1,GUNTING,train
165,1057,394,0,BATU,train
3891,4012,3880,2,KERTAS,train
3325,526,2523,3,TIDAK_VALID,train
725,117,757,0,BATU,train
735,592,710,0,BATU,test
2869,3290,3732,2,KERTAS,train
3734,3110,3106,2,KERTAS,test
881,552,334,0,BATU,train
3350,3060,994,1,GUNTING,test
1309,1136,2901,3,TIDAK_VALID,validation
4051,3909,3630,2,KERTAS,train
3930,3138,3000,2,KERTAS,train
2975,3449,267,1,GUNTING,train
410,406,156,0,BATU,train
2981,313,1659,3,TIDAK_VALID,train
577,828,689,0,BATU,test
3383,3848,4018,2,KERTAS,train
2992,3556,121,1,GUNTING,train
3003,3149,143,1,GUNTING,test
3316,3698,3794,2,KERTAS,test
3267,2887,3075,2,KERTAS,test
1605,1760,4033,3,TIDAK_VALID,train
2018,2949,306,3,TIDAK_VALID,test
3644,3099,1129,1,GUNTING,train
2608,1315,2039,3,TIDAK_VALID,train
3941,3992,1045,1,GUNTING,train
359,1194,870,0,BATU,train
3552,2885,3925,2,KERTAS,train
308,448,184,0,BATU,train
3039,491,3306,3,TIDAK_VALID,train
4086,3431,824,1,GUNTING,validation
858,828,645,0,BATU,train
3928,3498,3179,2,KERTAS,train
3119,4026,215,1,GUNTING,validation
533,577,185,0,BATU,train
217,978,1140,0,BATU,test
3406,3088,929,1,GUNTING,train
117,892,104,0,BATU,train
3492,3311,4076,2,KERTAS,train
580,626,384,0,BATU,train
3014,3160,3238,2,KERTAS,train
345,810,893,0,BATU,train
150,3676,3358,3,TIDAK_VALID,train
976,684,586,0,BATU,validation
3520,3183,18,1,GUNTING,test
504,589,1059,0,BATU,train
4038,4090,3322,2,KERTAS,train
418,613,653,0,BATU,train
779,414,2614,3,TIDAK_VALID,train
713,951,775,0,BATU,train
4051,3243,29,1,GUNTING,train
3602,3516,3960,2,KERTAS,train
3324,3952,3377,2,KERTAS,validation
2667,3151,1725,3,TIDAK_VALID,train
611,40,277,0,BATU,train
2227,1175,254,3,TIDAK_VALID,train
1970,1304,2598,3,TIDAK_VALID,test
3669,3787,254,1,GUNTING,validation
4045,3597,788,1,GUNTING,train
329,360,474,0,BATU,test
3670,3054,3126,2,KERTAS,test
3985,3307,3389,2,KERTAS,validation
727,2409,3257,3,TIDAK_VALID,test
659,931,749,0,BATU,test
1521,2658,314,3,TIDAK_VALID,train
3597,3358,4078,2,KERTAS,validation
1074,417,652,0,BATU,train
1017,882,720,0,BATU,train
3339,2870,828,1,GUNTING,train
3622,1477,1250,3,TIDAK_VALID,train
3421,2919,2871,2,KERTAS,train
3800,3560,625,1,GUNTING,train
3564,3817,3311,2,KERTAS,train
3286,2948,3257,2,KERTAS,train
2895,4031,3414,2,KERTAS,validation
49,249,178,0,BATU,validation
38,487,1161,0,BATU,train
3204,3541,675,1,GUNTING,train
3724,3520,3059,2,KERTAS,validation
3277,2981,3211,2,KERTAS,train
3272,3004,1096,1,GUNTING,test
3635,667,749,3,TIDAK_VALID,test
583,146,165,0,BATU,train
3720,3162,949,1,GUNTING,train
3099,3149,3825,2,KERTAS,train
2891,2930,1142,1,GUNTING,train
3517,2944,3720,2,KERTAS,test
3788,3363,32,1,GUNTING,validation
3079,3991,3707,2,KERTAS,test
2966,3639,3318,2,KERTAS,test
2894,3557,2934,2,KERTAS,train
590,2501,2140,3,TIDAK_VALID,validation
3124,3019,3071,2,KERTAS,train
4026,4060,3983,2,KERTAS,validation
362,815,1027,0,BATU,train
689,473,333,0,BATU,train
378,266,846,0,BATU,train
3369,3085,3211,2,KERTAS,train
3866,3411,3155,2,KERTAS,train
514,450,641,0,BATU,train
3496,2920,615,1,GUNTING,test
4058,3431,781,1,GUNTING,train
63,965,611,0,BATU,test
3198,3590,4079,2,KERTAS,test
2494,2820,14,3,TIDAK_VALID,train
42,747,277,0,BATU,test
3394,3020,3337,2,KERTAS,train
3840,3470,865,1,GUNTING,train
390,1093,730,0,BATU,train
3234,2925,30,1,GUNTING,train
985,1228,769,0,BATU,test
3809,3173,3800,2,KERTAS,train
1599,2954,1550,3,TIDAK_VALID,train
3381,3748,1124,1,GUNTING,train
3275,2876,2970,2,KERTAS,validation
2940,3023,3328,2,KERTAS,test
2932,84,3384,3,TIDAK_VALID,train
3386,465,888,3,TIDAK_VALID,validation
3523,3028,3620,2,KERTAS,test
224,64,603,0,BATU,test
1754,3940,2889,3,TIDAK_VALID,train
3932,3170,3377,2,KERTAS,train
3729,2992,3317,2,KERTAS,validation
2254,3718,1735,3,TIDAK_VALID,test
3648,3254,2895,2,KERTAS,test
3697,3274,794,1,GUNTING,train
3993,1064,1945,3,TIDAK_VALID,test
3073,3218,3282,2,KERTAS,train
2221,1222,2262,3,TIDAK_VALID,validation
764,1216,1102,0,BATU,validation
3967,3064,3078,2,KERTAS,train
3284,3329,3735,2,KERTAS,validation
3833,3605,3524,2,KERTAS,train
3696,3948,1197,1,GUNTING,train
370,707,1147,0,BATU,validation
3928,3282,245,1,GUNTING,test
3581,250,455,3,TIDAK_VALID,validation
3885,3479,406,1,GUNTING,validation
2459,4004,1899,3,TIDAK_VALID,validation
783,150,723,0,BATU,train
2173,3357,3329,3,TIDAK_VALID,train
993,697,365,0,BATU,test
650,3138,839,3,TIDAK_VALID,test
3334,3005,1065,1,GUNTING,validation
1148,619,1030,0,BATU,validation
3021,3049,1150,1,GUNTING,test
3519,3924,3196,2,KERTAS,test
3738,3759,1724,3,TIDAK_VALID,train
2544,2461,184,3,TIDAK_VALID,train
24,401,243,0,BATU,train
522,998,621,0,BATU,train
2100,3125,1075,3,TIDAK_VALID,train
3005,2875,3953,2,KERTAS,train
3416,3545,503,1,GUNTING,train
3631,3498,874,1,GUNTING,train
3030,562,3246,3,TIDAK_VALID,train
3829,3672,849,1,GUNTING,train
3386,4017,3962,2,KERTAS,test
2894,3240,3947,2,KERTAS,train
188,497,792,0,BATU,test
36,2210,3740,3,TIDAK_VALID,test
116,1167,920,0,BATU,train
403,110,31,0,BATU,train
355,317,720,0,BATU,train
2882,3643,1227,1,GUNTING,train
3086,3240,3294,2,KERTAS,test
2603,1204,1020,3,TIDAK_VALID,train
453,2905,3442,3,TIDAK_VALID,train
3176,3557,3787,2,KERTAS,test
3854,3632,1380,3,TIDAK_VALID,train
1690,3438,708,3,TIDAK_VALID,train
3743,3939,3979,2,KERTAS,train
378,1,1200,0,BATU,test
3020,3356,3726,2,KERTAS,validation
3535,2916,3080,2,KERTAS,train
837,187,211,0,BATU,validation
37,3619,2980,3,TIDAK_VALID,train
3239,3056,885,1,GUNTING,train
857,1731,969,3,TIDAK_VALID,train
3392,3492,3089,2,KERTAS,train
2912,3342,1242,3,TIDAK_VALID,train
454,697,85,0,BATU,train
1117,721,1045,0,BATU,train
924,619,922,0,BATU,train
541,144,2953,3,TIDAK_VALID,train
3945,2921,3817,2,KERTAS,validation
3807,3506,1067,1,GUNTING,train
3531,3545,878,1,GUNTING,train
680,436,919,0,BATU,test
1890,440,942,3,TIDAK_VALID,train
2779,2368,2012,3,TIDAK_VALID,train
2900,2900,3546,2,KERTAS,train
3670,1776,3940,3,TIDAK_VALID,train
107,273,542,0,BATU,train
3024,3106,783,1,GUNTING,train
184,754,973,0,BATU,validation
3785,4004,3261,2,KERTAS,train
1958,2079,891,3,TIDAK_VALID,train
137,3252,2082,3,TIDAK_VALID,train
142,693,886,0,BATU,train
454,76,485,0,BATU,validation
3986,3896,3865,2,KERTAS,train
3355,3168,1227,1,GUNTING,train
3893,3532,275,1,GUNTING,validation
253,1199,269,0,BATU,train
3065,3238,178,1,GUNTING,train
727,2111,3793,3,TIDAK_VALID,test
3823,3779,2879,2,KERTAS,test
3046,100,1751,3,TIDAK_VALID,validation
3343,3313,184,1,GUNTING,train
479,1227,237,0,BATU,train
951,825,410,0,BATU,train
3803,3039,377,1,GUNTING,train
3255,3491,3925,2,KERTAS,validation
3445,364,3070,3,TIDAK_VALID,validation
191,657,1125,0,BATU,train
3303,2021,703,3,TIDAK_VALID,validation
3409,2606,573,3,TIDAK_VALID,test
3235,3008,683,1,GUNTING,train
2548,2364,3337,3,TIDAK_VALID,validation
4069,3017,3430,2,KERTAS,train
3239,3139,3108,2,KERTAS,train
3460,3522,398,1,GUNTING,train
3309,3514,3721,2,KERTAS,train
634,384,63,0,BATU,train
1398,2195,983,3,TIDAK_VALID,test
4037,3541,1082,1,GUNTING,test
3967,2973,3832,2,KERTAS,test
2664,2220,3644,3,TIDAK_VALID,test
561,295,792,0,BATU,train
3,667,593,0,BATU,test
3619,3775,3749,2,KERTAS,train
4036,3252,597,1,GUNTING,train
3328,3632,280,1,GUNTING,train
503,35,985,0,BATU,test
2916,3843,348,1,GUNTING,train
17,305,561,0,BATU,train
3651,3172,24,1,GUNTING,train
3479,3553,3095,2,KERTAS,train
935,966,157,0,BATU,train
2468,2479,183,3,TIDAK_VALID,test
3831,3559,2360,3,TIDAK_VALID,validation
4005,2895,506,1,GUNTING,test
3388,3348,3392,2,KERTAS,train
3481,3084,3373,2,KERTAS,train
3869,3755,1068,1,GUNTING,train
1553,127,158,3,TIDAK_VALID,test
106,217,215,0,BATU,train
2703,3097,525,3,TIDAK_VALID,train
2997,529,842,3,TIDAK_VALID,test
437,1741,2670,3,TIDAK_VALID,train
498,1004,694,0,BATU,validation
120,3453,2563,3,TIDAK_VALID,train
3230,3291,971,1,GUNTING,train
3571,2982,4013,2,KERTAS,validation
3797,3438,3933,2,KERTAS,train
146,266,337,0,BATU,train
1083,501,1193,0,BATU,test
3345,3485,3508,2,KERTAS,train
1627,2507,510,3,TIDAK_VALID,train
3975,3888,457,1,GUNTING,train
3841,4078,311,1,GUNTING,test
3685,3482,662,1,GUNTING,train
3199,3467,46,1,GUNTING,train
4025,3491,3446,2,KERTAS,train
3714,3305,2949,2,KERTAS,train
3582,3302,783,1,GUNTING,validation
3349,3136,3437,2,KERTAS,train
3841,4091,4015,2,KERTAS,test
519,1203,342,0,BATU,validation
142,694,4040,3,TIDAK_VALID,train
1478,3887,2708,3,TIDAK_VALID,train
1082,659,764,0,BATU,train
3264,3593,764,1,GUNTING,train
2873,3545,3742,2,KERTAS,test
1543,2143,3148,3,TIDAK_VALID,train
389,2699,2509,3,TIDAK_VALID,train
3859,3698,239,1,GUNTING,train
123,962,1158,0,BATU,train
2979,3074,29,1,GUNTING,validation
3795,3489,3394,2,KERTAS,validation
945,3640,3583,3,TIDAK_VALID,test
3268,3578,3944,2,KERTAS,train
1373,692,4086,3,TIDAK_VALID,test
1808,776,628,3,TIDAK_VALID,train
2552,1208,124,3,TIDAK_VALID,train
3442,3598,1129,1,GUNTING,train
3211,3862,2890,2,KERTAS,train
4000,3993,798,1,GUNTING,train
3571,1715,1299,3,TIDAK_VALID,train
962,259,1127,0,BATU,train
3584,3459,67,1,GUNTING,validation
1211,2122,1361,3,TIDAK_VALID,train
3778,3165,666,1,GUNTING,train
2910,4084,961,1,GUNTING,train
964,22,134,0,BATU,train
3651,3639,517,1,GUNTING,train
190,243,358,0,BATU,train
4067,1189,1692,3,TIDAK_VALID,train
3182,1660,2964,3,TIDAK_VALID,validation
3376,3664,901,1,GUNTING,train
602,777,410,0,BATU,train
695,285,19,0,BATU,test
3751,3617,3783,2,KERTAS,validation
3171,3907,609,1,GUNTING,validation
430,240,517,0,BATU,validation
580,715,615,0,BATU,train
3166,3773,1080,1,GUNTING,train
542,1077,648,0,BATU,train
3654,4022,3275,2,KERTAS,validation
797,1149,122,0,BATU,validation
2668,937,3281,3,TIDAK_VALID,test
3776,2934,995,1,GUNTING,train
3937,3427,2961,2,KERTAS,train
3400,3090,407,1,GUNTING,train
3277,3050,718,1,GUNTING,train
551,1008,296,0,BATU,train
1198,3997,2231,3,TIDAK_VALID,validation
1048,428,1048,0,BATU,train
833,150,622,0,BATU,train
3315,3560,3259,2,KERTAS,train
1194,866,593,0,BATU,train
4051,4014,3106,2,KERTAS,train
3056,3762,3656,2,KERTAS,train
3614,3458,874,1,GUNTING,test
2918,3364,1053,1,GUNTING,train
2914,3604,113,1,GUNTING,train
1424,251,2726,3,TIDAK_VALID,train
3614,3704,150,1,GUNTING,train
4095,3812,3527,2,KERTAS,train
3305,3082,3575,2,KERTAS,train
3101,3876,97,1,GUNTING,train
3767,3340,3350,2,KERTAS,test
602,1211,571,0,BATU,train
607,500,698,0,BATU,train
4017,3372,3419,2,KERTAS,validation
3065,3619,324,1,GUNTING,train
3433,3138,3596,2,KERTAS,train
3973,4071,3954,2,KERTAS,train
3079,980,2544,3,TIDAK_VALID,validation
3526,3442,402,1,GUNTING,train
3660,1557,3539,3,TIDAK_VALID,validation
3513,1544,3949,3,TIDAK_VALID,train
3395,3952,300,1,GUNTING,train
3455,3076,3793,2,KERTAS,validation
3167,561,2966,3,TIDAK_VALID,train
3600,3607,418,1,GUNTING,train
2868,3199,3541,2,KERTAS,test
3678,3110,3761,2,KERTAS,train
3931,3292,1134,1,GUNTING,train
540,120,819,0,BATU,validation
670,530,931,0,BATU,validation
4057,3675,4017,2,KERTAS,train
411,895,1170,0,BATU,validation
890,736,1171,0,BATU,train
185,11,58,0,BATU,train
2868,3516,2957,2,KERTAS,train
4072,3335,1992,3,TIDAK_VALID,train
3785,3371,3784,2,KERTAS,train
2284,3765,3669,3,TIDAK_VALID,train
1120,161,705,0,BATU,validation
1216,714,485,0,BATU,test
2147,2890,426,3,TIDAK_VALID,train
3657,4028,3697,2,KERTAS,test
482,1124,610,0,BATU,train
340,78,869,0,BATU,test
67,88,462,0,BATU,validation
687,373,38,0,BATU,train
57,1589,3014,3,TIDAK_VALID,train
711,173,1195,0,BATU,train
1170,3426,3658,3,TIDAK_VALID,validation
3756,3545,1027,1,GUNTING,train
455,513,145,0,BATU,train
507,1569,3602,3,TIDAK_VALID,train
2884,2291,3792,3,TIDAK_VALID,test
2186,1838,1580,3,TIDAK_VALID,train
1171,1039,360,0,BATU,validation
836,3936,2947,3,TIDAK_VALID,train
3953,3081,126,1,GUNTING,train
3694,3646,34,1,GUNTING,validation
154,3811,3236,3,TIDAK_VALID,train
3893,3096,269,1,GUNTING,train
3063,3766,2996,2,KERTAS,train
2945,293,1404,3,TIDAK_VALID,train
2902,3366,798,1,GUNTING,train
3545,3884,3755,2,KERTAS,validation
3237,3268,145,1,GUNTING,validation
1214,1040,712,0,BATU,train
3549,3061,3367,2,KERTAS,train
2905,3630,770,1,GUNTING,train
2629,3511,621,3,TIDAK_VALID,train
3594,3529,2959,2,KERTAS,train
3043,3862,866,1,GUNTING,train
2021,3836,1547,3,TIDAK_VALID,train
3746,3841,1098,1,GUNTING,test
3467,3604,3150,2,KERTAS,train
3803,3286,641,1,GUNTING,test
4031,3022,1087,1,GUNTING,validation
3372,3803,3342,2,KERTAS,train
2035,2732,423,3,TIDAK_VALID,train
3820,3045,4051,2,KERTAS,validation
1172,124,426,0,BATU,test
536,399,641,0,BATU,train
3867,3376,542,1,GUNTING,validation
108,808,514,0,BATU,train
2510,2689,3392,3,TIDAK_VALID,train
3343,4068,570,1,GUNTING,train
741,923,782,0,BATU,validation
404,554,698,0,BATU,train
373,1074,29,0,BATU,train
3885,3596,301,1,GUNTING,train
419,984,1049,0,BATU,train
1653,2400,2297,3,TIDAK_VALID,train
3994,4058,3583,2,KERTAS,test
190,3724,2032,3,TIDAK_VALID,train
3513,3426,3717,2,KERTAS,train
1511,697,1314,3,TIDAK_VALID,validation
1147,2126,3910,3,TIDAK_VALID,train
3403,3602,4046,2,KERTAS,validation
1809,186,1920,3,TIDAK_VALID,test
3229,3216,3469,2,KERTAS,train
3725,3614,3407,2,KERTAS,train
3733,3274,292,1,GUNTING,test
54,1455,3421,3,TIDAK_VALID,test
3107,3701,3288,2,KERTAS,train
494,943,1097,0,BATU,train
4046,3472,52,1,GUNTING,train
3473,3516,1173,1,GUNTING,test
858,254,371,0,BATU,train
575,1182,554,0,BATU,train
3019,3095,408,1,GUNTING,train
1231,443,773,3,TIDAK_VALID,train
3204,3683,865,1,GUNTING,train
791,2798,3823,3,TIDAK_VALID,train
3066,3275,407,1,GUNTING,train
3696,3259,11,1,GUNTING,test
3861,4044,3134,2,KERTAS,train
879,3465,36,3,TIDAK_VALID,validation
2997,4052,736,1,GUNTING,train
3696,3400,635,1,GUNTING,test
563,509,645,0,BATU,train
213,113,225,0,BATU,train
452,625,280,0,BATU,test
718,971,430,0,BATU,validation
1064,724,441,0,BATU,train
931,1050,391,0,BATU,test
3404,3289,941,1,GUNTING,train
3734,2967,577,1,GUNTING,train
1969,395,1017,3,TIDAK_VALID,train
455,1924,2477,3,TIDAK_VALID,train
3778,3687,3377,2,KERTAS,train
3796,4074,3844,2,KERTAS,train
3660,247,1602,3,TIDAK_VALID,train
590,200,819,0,BATU,validation
3672,3916,3828,2,KERTAS,train
4094,3846,621,1,GUNTING,test
3168,3220,3619,2,KERTAS,test
2421,1786,1025,3,TIDAK_VALID,train
1181,3993,2338,3,TIDAK_VALID,train
173,746,378,0,BATU,validation
4084,4021,154,1,GUNTING,train
3540,3599,3337,2,KERTAS,train
3647,2878,2936,2,KERTAS,validation
3872,4021,3079,2,KERTAS,train
3408,3893,744,1,GUNTING,train
1054,6,632,0,BATU,train
354,1013,832,0,BATU,test
591,403,658,0,BATU,train
3210,3504,144,1,GUNTING,train
770,434,835,0,BATU,train
2936,643,1426,3,TIDAK_VALID,train
209,57,176,0,BATU,validation
3165,3317,432,1,GUNTING,train
3247,3698,3034,2,KERTAS,train
4093,2724,802,3,TIDAK_VALID,test
3322,3355,3278,2,KERTAS,train
750,378,367,0,BATU,train
3639,1588,3461,3,TIDAK_VALID,train
751,780,506,0,BATU,train
3504,3499,1012,1,GUNTING,test
3036,3379,2934,2,KERTAS,train
2305,2305,873,3,TIDAK_VALID,train
2876,3252,4063,2,KERTAS,train
3400,1781,2037,3,TIDAK_VALID,train
331,854,35,0,BATU,validation
662,1006,114,0,BATU,train
3794,3493,2908,2,KERTAS,train
3488,3519,3734,2,KERTAS,train
3468,3831,7,1,GUNTING,train
3378,3572,749,1,GUNTING,validation
3377,3835,3049,2,KERTAS,train
125,1081,983,0,BATU,validation
3759,4016,3605,2,KERTAS,train
3392,3210,843,1,GUNTING,train
200,692,452,0,BATU,train
616,2415,402,3,TIDAK_VALID,validation
388,948,813,0,BATU,train
3488,2990,809,1,GUNTING,train
317,373,2164,3,TIDAK_VALID,test
3051,3096,652,1,GUNTING,train
2411,2169,3471,3,TIDAK_VALID,test
3472,3161,65,1,GUNTING,train
705,612,713,0,BATU,train
2999,3939,3450,2,KERTAS,test
3879,3184,3382,2,KERTAS,train
1434,27,3622,3,TIDAK_VALID,test
3953,4036,526,1,GUNTING,train
3457,3186,297,1,GUNTING,train
4025,2989,923,1,GUNTING,validation
2990,4047,1974,3,TIDAK_VALID,train
1101,869,73,0,BATU,test
1225,3117,93,3,TIDAK_VALID,train
3475,3392,3046,2,KERTAS,test
3900,3811,771,1,GUNTING,train
988,879,908,0,BATU,train
118,1109,560,0,BATU,train
3008,3775,796,1,GUNTING,test
3521,3187,3710,2,KERTAS,test
637,94,1181,0,BATU,test
3201,1598,270,3,TIDAK_VALID,train
3956,3302,1032,1,GUNTING,validation
867,476,787,0,BATU,train
928,316,1016,0,BATU,train
3010,2424,1579,3,TIDAK_VALID,test
3890,3859,3494,2,KERTAS,validation
1094,1098,637,0,BATU,train
3264,3214,3185,2,KERTAS,train
3347,3425,33,1,GUNTING,test
2739,2748,3929,3,TIDAK_VALID,train
3113,3487,3258,2,KERTAS,test
443,217,574,0,BATU,train
2908,3638,268,1,GUNTING,validation
3883,4021,3685,2,KERTAS,train
2452,1189,797,3,TIDAK_VALID,test
3435,2992,3283,2,KERTAS,train
1195,1420,1513,3,TIDAK_VALID,train
3754,3266,207,1,GUNTING,validation
3701,3791,3697,2,KERTAS,train
718,324,1142,0,BATU,train
3259,2644,1071,3,TIDAK_VALID,train
3267,3493,3225,2,KERTAS,train
1569,3898,414,3,TIDAK_VALID,train
155,863,195,0,BATU,validation
3705,3656,802,1,GUNTING,train
620,736,413,0,BATU,validation
124,718,3840,3,TIDAK_VALID,train
3696,4085,1997,3,TIDAK_VALID,train
386,335,161,0,BATU,train
334,367,1221,0,BATU,test
3117,3988,925,1,GUNTING,train
3152,4036,3554,2,KERTAS,train
3944,2923,1219,1,GUNTING,train
4007,3982,4084,2,KERTAS,train
471,896,679,0,BATU,train
2975,3511,292,1,GUNTING,validation
1129,40,82,0,BATU,train
2004,1394,682,3,TIDAK_VALID,train
3882,3652,903,1,GUNTING,train
3567,2784,3434,3,TIDAK_VALID,train
3139,3104,387,1,GUNTING,train
641,387,693,0,BATU,train
4016,3981,253,1,GUNTING,validation
912,726,803,0,BATU,train
2948,3010,3624,2,KERTAS,train
3390,3423,2873,2,KERTAS,train
3067,3676,3513,2,KERTAS,train
598,2315,1004,3,TIDAK_VALID,train
3678,1232,2445,3,TIDAK_VALID,train
83,856,512,0,BATU,validation
148,1040,2859,3,TIDAK_VALID,train
85,823,614,0,BATU,validation
992,436,504,0,BATU,train
3633,3887,2893,2,KERTAS,test
1340,3917,1291,3,TIDAK_VALID,train
784,2455,3004,3,TIDAK_VALID,test
1706,2460,2493,3,TIDAK_VALID,train
3884,2867,656,1,GUNTING,validation
2029,3167,148,3,TIDAK_VALID,train
919,3377,3316,3,TIDAK_VALID,train
1871,1324,2975,3,TIDAK_VALID,validation
2576,422,598,3,TIDAK_VALID,train
3998,4050,281,1,GUNTING,validation
1153,294,818,0,BATU,validation
3799,2032,3940,3,TIDAK_VALID,test
3199,3737,3473,2,KERTAS,train
3341,1074,2217,3,TIDAK_VALID,train
1081,296,197,0,BATU,validation
599,943,3075,3,TIDAK_VALID,train
4018,3582,3276,2,KERTAS,train
2096,3521,612,3,TIDAK_VALID,train
558,304,291,0,BATU,train
3979,3559,2950,2,KERTAS,train
3797,3358,557,1,GUNTING,validation
3543,3223,1194,1,GUNTING,train
2970,2947,92,1,GUNTING,train
1924,2171,2132,3,TIDAK_VALID,train
863,1213,459,0,BATU,test
1795,3501,1815,3,TIDAK_VALID,train
3824,2972,234,1,GUNTING,train
3393,2911,3535,2,KERTAS,train
3676,3270,3872,2,KERTAS,train
664,4004,1342,3,TIDAK_VALID,train
3906,2953,37,1,GUNTING,train
3816,2917,4025,2,KERTAS,train
3343,3349,2985,2,KERTAS,train
2953,3904,1946,3,TIDAK_VALID,test
956,239,573,0,BATU,train
573,2806,2098,3,TIDAK_VALID,test
4042,3389,3191,2,KERTAS,train
3667,3637,279,1,GUNTING,train
1985,1904,2547,3,TIDAK_VALID,train
1494,2038,1943,3,TIDAK_VALID,train
1086,839,1102,0,BATU,test
3263,3968,3810,2,KERTAS,train
575,208,979,0,BATU,train
182,1150,538,0,BATU,train
626,351,1171,0,BATU,test
4082,3689,3512,2,KERTAS,train
2961,3041,1106,1,GUNTING,train
3084,3040,761,1,GUNTING,test
516,147,119,0,BATU,train
3021,2893,929,1,GUNTING,test
335,136,1175,0,BATU,train
1629,1672,517,3,TIDAK_VALID,test
3508,3260,277,1,GUNTING,train
3860,3897,3843,2,KERTAS,train
3824,4091,3516,2,KERTAS,train
232,423,119,0,BATU,train
3051,891,562,3,TIDAK_VALID,validation
966,406,1080,0,BATU,train
2972,3061,3030,2,KERTAS,train
3371,3292,3221,2,KERTAS,test
3300,3622,268,1,GUNTING,train
3477,3384,3764,2,KERTAS,test
2534,2231,147,3,TIDAK_VALID,train
238,1734,2,3,TIDAK_VALID,train
1169,146,1045,0,BATU,train
3829,3622,889,1,GUNTING,validation
3704,2883,956,1,GUNTING,validation
3534,3602,3640,2,KERTAS,validation
536,1222,597,0,BATU,train
518,3352,2818,3,TIDAK_VALID,train
2895,3055,691,1,GUNTING,train
4092,3626,3406,2,KERTAS,train
3854,1993,1068,3,TIDAK_VALID,validation
3572,4013,3672,2,KERTAS,validation
3106,3464,2921,2,KERTAS,train
2810,1764,3827,3,TIDAK_VALID,train
819,1942,207,3,TIDAK_VALID,train
2882,3091,3863,2,KERTAS,train
3329,1659,2484,3,TIDAK_VALID,train
3852,4015,584,1,GUNTING,train
1999,3657,2545,3,TIDAK_VALID,validation
2836,2867,741,3,TIDAK_VALID,train
4031,3069,1020,1,GUNTING,test
3906,3564,1129,1,GUNTING,test
986,1097,14,0,BATU,train
281,887,207,0,BATU,train
951,539,1055,0,BATU,train
3840,3479,354,1,GUNTING,train
258,1203,120,0,BATU,train
653,1281,1086,3,TIDAK_VALID,train
199,115,675,0,BATU,train
1273,1562,2578,3,TIDAK_VALID,train
3050,3638,3407,2,KERTAS,validation
929,579,597,0,BATU,train
878,1538,886,3,TIDAK_VALID,train
682,3625,1859,3,TIDAK_VALID,test
1989,456,3214,3,TIDAK_VALID,train
1626,2428,1343,3,TIDAK_VALID,validation
2214,2769,1867,3,TIDAK_VALID,test
3958,3535,1088,1,GUNTING,train
830,876,951,0,BATU,train
3897,3937,3053,2,KERTAS,train
3674,3636,3208,2,KERTAS,validation
2587,2248,18,3,TIDAK_VALID,train
3651,3290,487,1,GUNTING,train
587,935,1110,0,BATU,train
3245,1087,2969,3,TIDAK_VALID,train
3795,3290,197,1,GUNTING,train
135,372,320,0,BATU,test
939,1448,1997,3,TIDAK_VALID,train
2555,193,1550,3,TIDAK_VALID,train
4033,3265,693,1,GUNTING,train
3825,3972,3897,2,KERTAS,train
3479,36,698,3,TIDAK_VALID,train
3847,3184,1007,1,GUNTING,train
3176,3809,3682,2,KERTAS,validation
894,948,392,0,BATU,test
3555,3486,4056,2,KERTAS,train
3859,3246,578,1,GUNTING,test
3549,3816,3100,2,KERTAS,train
1158,429,319,0,BATU,test
3697,1183,625,3,TIDAK_VALID,train
2161,3123,1371,3,TIDAK_VALID,train
1543,3762,2701,3,TIDAK_VALID,train
915,161,244,0,BATU,train
1227,2719,340,3,TIDAK_VALID,train
3202,4089,1128,1,GUNTING,train
2935,2915,279,1,GUNTING,train
4086,3732,2929,2,KERTAS,train
1076,4055,79,3,TIDAK_VALID,test
3550,3154,3632,2,KERTAS,train
2964,2993,4056,2,KERTAS,train
3618,3501,681,1,GUNTING,validation
986,136,748,0,BATU,train
910,4047,3654,3,TIDAK_VALID,test
2296,1536,2208,3,TIDAK_VALID,train
1118,2329,594,3,TIDAK_VALID,validation
1137,387,338,0,BATU,test
3173,3779,4033,2,KERTAS,train
2083,3802,1726,3,TIDAK_VALID,test
3222,3013,190,1,GUNTING,train
191,1074,348,0,BATU,train
1144,147,144,0,BATU,train
1174,1205,908,0,BATU,train
2493,2417,743,3,TIDAK_VALID,train
4052,3718,3907,2,KERTAS,train
501,116,1093,0,BATU,train
3256,3453,3870,2,KERTAS,train
3166,2493,2075,3,TIDAK_VALID,test
467,530,1001,0,BATU,train
4016,92,2574,3,TIDAK_VALID,train
2868,3930,3394,2,KERTAS,train
1723,3219,240,3,TIDAK_VALID,validation
3581,3498,681,1,GUNTING,train
1089,1132,619,0,BATU,train
3348,3079,3611,2,KERTAS,validation
2986,3663,962,1,GUNTING,train
3047,3045,3769,2,KERTAS,test
3583,3114,3726,2,KERTAS,train
4001,3613,3964,2,KERTAS,train
714,3405,1330,3,TIDAK_VALID,train
3397,3991,238,1,GUNTING,test
130,2093,351,3,TIDAK_VALID,train
3272,2012,2320,3,TIDAK_VALID,validation
3636,3627,3445,2,KERTAS,test
3770,3757,3823,2,KERTAS,test
83,65,1,0,BATU,train
1026,262,5,0,BATU,train
560,3273,4047,3,TIDAK_VALID,test
417,88,584,0,BATU,train
3453,3941,614,1,GUNTING,train
3038,2915,1770,3,TIDAK_VALID,validation
2283,1299,3607,3,TIDAK_VALID,validation
1413,2914,500,3,TIDAK_VALID,train
1378,3758,1631,3,TIDAK_VALID,train
26,389,217,0,BATU,train
814,146,1151,0,BATU,train
1217,174,551,0,BATU,train
2987,2990,938,1,GUNTING,train
509,529,875,0,BATU,test
4050,3986,4062,2,KERTAS,train
3664,3394,523,1,GUNTING,test
3043,4038,178,1,GUNTING,train
2229,841,3558,3,TIDAK_VALID,test
3706,3996,3234,2,KERTAS,train
3620,2959,716,1,GUNTING,test
3494,3241,222,1,GUNTING,train
1178,872,781,0,BATU,train
2825,734,2464,3,TIDAK_VALID,validation
2940,3308,3233,2,KERTAS,train
3181,3569,2943,2,KERTAS,train
13,290,36,0,BATU,validation
1209,432,784,0,BATU,train
3744,3062,195,1,GUNTING,train
3362,3747,3712,2,KERTAS,validation
3114,2993,1010,1,GUNTING,train
1113,2840,880,3,TIDAK_VALID,test
727,825,973,0,BATU,validation
3021,3075,3621,2,KERTAS,validation
3542,3315,3983,2,KERTAS,train
299,3295,3452,3,TIDAK_VALID,train
1438,3713,1392,3,TIDAK_VALID,test
443,68,439,0,BATU,train
4024,3259,314,1,GUNTING,train
3079,4090,78,1,GUNTING,train
3027,883,1049,3,TIDAK_VALID,train
313,628,1165,0,BATU,train
2993,4033,794,1,GUNTING,test
3428,3544,826,1,GUNTING,validation
3874,3715,163,1,GUNTING,train
484,512,2,0,BATU,train
633,61,193,0,BATU,validation
2942,3396,479,1,GUNTING,train
1045,1042,280,0,BATU,train
3068,3029,1172,1,GUNTING,train
143,1118,1149,0,BATU,test
3984,3569,562,1,GUNTING,validation
3012,3450,723,1,GUNTING,train
3980,3956,2951,2,KERTAS,test
3247,2879,3150,2,KERTAS,test
3954,3434,391,1,GUNTING,test
3350,3332,3380,2,KERTAS,train
6,1123,882,0,BATU,test
3874,3348,3295,2,KERTAS,train
3966,3973,3822,2,KERTAS,validation
520,623,235,0,BATU,test
609,3,238,0,BATU,validation
3058,3709,1126,1,GUNTING,train
2076,1421,2977,3,TIDAK_VALID,train
2945,3018,3394,2,KERTAS,validation
433,874,23,0,BATU,train
744,315,330,0,BATU,validation
3080,2937,99,1,GUNTING,train
3174,3783,946,1,GUNTING,train
3759,23,2280,3,TIDAK_VALID,validation
161,64,1161,0,BATU,train
2633,2093,3916,3,TIDAK_VALID,train
2435,3899,3712,3,TIDAK_VALID,train
2495,3931,3572,3,TIDAK_VALID,train
2900,3885,3999,2,KERTAS,test
3083,3138,247,1,GUNTING,train
1084,784,641,0,BATU,train
3229,2896,3396,2,KERTAS,validation
297,760,1138,0,BATU,train
3224,3435,3733,2,KERTAS,train
3400,3030,2880,2,KERTAS,test
200,638,655,0,BATU,train
3210,3566,3162,2,KERTAS,train
3550,985,657,3,TIDAK_VALID,validation
3120,3945,3433,2,KERTAS,train
2758,2501,2123,3,TIDAK_VALID,train
365,1166,1126,0,BATU,train
3529,3711,1962,3,TIDAK_VALID,train
4065,3707,223,1,GUNTING,train
501,168,706,0,BATU,train
3833,3049,3087,2,KERTAS,train
4071,3144,518,1,GUNTING,train
1982,1776,807,3,TIDAK_VALID,train
1251,2842,3310,3,TIDAK_VALID,test
169,803,551,0,BATU,train
3879,3382,2919,2,KERTAS,test
852,2235,1096,3,TIDAK_VALID,train
4085,3060,367,1,GUNTING,validation
3195,2981,3351,2,KERTAS,train
3760,3916,491,1,GUNTING,train
231,594,829,0,BATU,validation
3766,3733,290,1,GUNTING,train
3899,3525,3877,2,KERTAS,train
126,584,741,0,BATU,train
3723,1966,3135,3,TIDAK_VALID,validation
3541,3024,2909,2,KERTAS,train
131,1227,818,0,BATU,train
3611,3004,3672,2,KERTAS,test
4018,3223,506,1,GUNTING,train
3458,2664,1605,3,TIDAK_VALID,train
519,2869,1690,3,TIDAK_VALID,test
3319,3072,3487,2,KERTAS,train
3844,3350,3167,2,KERTAS,test
3274,3747,769,1,GUNTING,train
2805,3158,3737,3,TIDAK_VALID,test
775,1112,386,0,BATU,validation
707,114,1037,0,BATU,train
3257,3292,719,1,GUNTING,train
2159,202,267,3,TIDAK_VALID,validation
3114,3561,3597,2,KERTAS,test
255,311,37,0,BATU,train
1056,465,1046,0,BATU,train
681,133,826,0,BATU,train
3828,2965,2894,2,KERTAS,train
458,60,134,0,BATU,train
3466,3050,430,1,GUNTING,train
3846,3193,208,1,GUNTING,validation
64,1136,122,0,BATU,train
2932,3285,847,1,GUNTING,train
3695,3914,3203,2,KERTAS,validation
3151,751,2162,3,TIDAK_VALID,validation
3790,3167,3350,2,KERTAS,train
3814,2474,3806,3,TIDAK_VALID,train
503,101,371,0,BATU,validation
3999,3497,766,1,GUNTING,train
3932,257,268,3,TIDAK_VALID,train
1072,834,111,0,BATU,train
3947,3624,3620,2,KERTAS,test
1207,746,522,0,BATU,train
1108,709,901,0,BATU,test
3574,3905,3105,2,KERTAS,train
487,484,302,0,BATU,train
2924,3556,3532,2,KERTAS,test
3415,2033,844,3,TIDAK_VALID,train
3944,3505,1023,1,GUNTING,train
714,426,726,0,BATU,train
1036,1109,1203,0,BATU,train
3938,3293,183,1,GUNTING,validation
3944,2822,2196,3,TIDAK_VALID,train
1926,2510,3627,3,TIDAK_VALID,train
152,504,684,0,BATU,train
2874,2889,3822,2,KERTAS,train
3425,3843,3040,2,KERTAS,test
3934,3780,3251,2,KERTAS,test
2092,1543,3245,3,TIDAK_VALID,train
2601,527,284,3,TIDAK_VALID,train
3830,2951,1613,3,TIDAK_VALID,validation
3711,2964,3982,2,KERTAS,train
3503,3184,3906,2,KERTAS,train
3180,3077,623,1,GUNTING,train
83,629,318,0,BATU,train
63,744,985,0,BATU,train
2398,612,1373,3,TIDAK_VALID,train
3774,4008,3950,2,KERTAS,validation
3741,3921,226,1,GUNTING,train
3393,4013,3894,2,KERTAS,train
4031,3974,2927,2,KERTAS,train
1379,977,3093,3,TIDAK_VALID,train
256,637,995,0,BATU,train
3612,4061,3327,2,KERTAS,train
3207,3870,686,1,GUNTING,test
3888,1287,1629,3,TIDAK_VALID,train
3614,3274,551,1,GUNTING,train
1210,2965,598,3,TIDAK_VALID,train
741,1210,444,0,BATU,train
3349,4052,3714,2,KERTAS,train
3857,3452,3103,2,KERTAS,train
3744,3581,3643,2,KERTAS,train
3294,3652,3505,2,KERTAS,train
3912,2970,3922,2,KERTAS,test
3912,2896,3892,2,KERTAS,train
69,1182,75,0,BATU,test
3752,3578,604,1,GUNTING,train
2909,3204,3790,2,KERTAS,train
3021,3211,3970,2,KERTAS,validation
4082,3125,3622,2,KERTAS,train
3789,3493,247,1,GUNTING,validation
3442,2999,885,1,GUNTING,validation
1031,574,2892,3,TIDAK_VALID,train
2377,893,12,3,TIDAK_VALID,train
3237,3036,806,1,GUNTING,train
1415,1434,2138,3,TIDAK_VALID,train
3675,3672,1098,1,GUNTING,validation
3954,3736,359,1,GUNTING,test
3757,3190,3271,2,KERTAS,train
3009,4010,135,1,GUNTING,validation
3283,3147,232,1,GUNTING,train
1104,1217,789,0,BATU,test
114,633,892,0,BATU,validation
3238,3275,824,1,GUNTING,train
3872,3319,453,1,GUNTING,validation
4054,3961,762,1,GUNTING,validation
1189,1030,175,0,BATU,train
3584,3513,3767,2,KERTAS,test
2963,2990,804,1,GUNTING,test
3020,3844,574,1,GUNTING,validation
523,156,779,0,BATU,test
636,603,651,0,BATU,train
3623,3815,676,1,GUNTING,train
792,2902,1275,3,TIDAK_VALID,train
507,3215,2529,3,TIDAK_VALID,train
1622,2563,3985,3,TIDAK_VALID,train
741,166,676,0,BATU,validation
2642,2858,423,3,TIDAK_VALID,train
2887,3199,3822,2,KERTAS,train
1172,181,1092,0,BATU,validation
776,901,2812,3,TIDAK_VALID,train
968,470,1204,0,BATU,train
3418,3344,251,1,GUNTING,validation
2559,2092,3804,3,TIDAK_VALID,test
2456,3347,1781,3,TIDAK_VALID,test
109,22,1636,3,TIDAK_VALID,train
741,507,460,0,BATU,train
1658,3355,2527,3,TIDAK_VALID,train
3612,4085,3565,2,KERTAS,train
1091,939,245,0,BATU,train
3094,3408,2872,2,KERTAS,train
3069,3714,3871,2,KERTAS,test
3228,3977,278,1,GUNTING,test
3440,4083,1224,1,GUNTING,train
127,784,432,0,BATU,train
3483,3624,3970,2,KERTAS,train
3720,3350,1228,1,GUNTING,train
1786,2505,335,3,TIDAK_VALID,validation
4035,3263,780,1,GUNTING,test
2875,3599,324,1,GUNTING,train
785,3,1220,0,BATU,train
3663,2951,1025,1,GUNTING,train
680,487,832,0,BATU,train
1151,231,132,0,BATU,train
1179,969,301,0,BATU,test
2951,3918,3102,2,KERTAS,train
793,4011,1654,3,TIDAK_VALID,test
2939,3114,677,1,GUNTING,train
3235,3673,3867,2,KERTAS,test
3444,3786,4049,2,KERTAS,train
3091,1317,2946,3,TIDAK_VALID,train
1087,1446,4038,3,TIDAK_VALID,train
956,944,717,0,BATU,validation
848,20,1177,0,BATU,train
2890,3482,1060,1,GUNTING,train
3115,3720,3440,2,KERTAS,test
3869,189,1841,3,TIDAK_VALID,validation
1383,1114,618,3,TIDAK_VALID,train
2978,3054,4063,2,KERTAS,train
761,252,1105,0,BATU,test
3783,2970,951,1,GUNTING,train
769,1121,185,0,BATU,train
4080,2953,3485,2,KERTAS,test
3469,2974,966,1,GUNTING,test
2161,2726,591,3,TIDAK_VALID,validation
759,873,1194,0,BATU,validation
3495,3864,157,1,GUNTING,train
3601,3093,3906,2,KERTAS,train
3641,3635,3050,2,KERTAS,test
352,308,323,0,BATU,train
3540,3087,903,1,GUNTING,validation
3842,3094,3951,2,KERTAS,test
3217,194,1593,3,TIDAK_VALID,train
401,3012,492,3,TIDAK_VALID,train
4031,3496,962,1,GUNTING,test
652,729,27,0,BATU,train
348,705,225,0,BATU,train
2941,3530,3539,2,KERTAS,train
3229,3836,683,1,GUNTING,train
116,204,888,0,BATU,train
4043,3584,3701,2,KERTAS,train
3260,3807,148,1,GUNTING,test
1264,622,621,3,TIDAK_VALID,validation
3762,3564,654,1,GUNTING,test
3044,3660,4075,2,KERTAS,train
3653,1141,2626,3,TIDAK_VALID,validation
3633,4063,3937,2,KERTAS,train
536,952,43,0,BATU,train
3911,3284,126,1,GUNTING,validation
3022,3351,3342,2,KERTAS,train
3419,1596,1550,3,TIDAK_VALID,train
3058,3478,381,1,GUNTING,train
745,1460,3956,3,TIDAK_VALID,test
3937,3815,1778,3,TIDAK_VALID,train
2958,3002,850,1,GUNTING,train
3297,3145,3481,2,KERTAS,train
3918,3738,978,1,GUNTING,train
1051,479,652,0,BATU,train
68,428,1063,0,BATU,train
3103,3383,3427,2,KERTAS,validation
427,4018,2247,3,TIDAK_VALID,test
459,1160,621,0,BATU,train
3299,3728,971,1,GUNTING,train
2894,2951,975,1,GUNTING,validation
2975,3172,72,1,GUNTING,train
4038,3387,4062,2,KERTAS,validation
2936,3233,2963,2,KERTAS,train
2950,3991,913,1,GUNTING,test
3270,3857,107,1,GUNTING,train
3398,3000,189,1,GUNTING,train
3151,2919,3391,2,KERTAS,validation
3360,3754,1124,1,GUNTING,train
3347,3051,3033,2,KERTAS,train
3088,3746,439,1,GUNTING,train
3687,3558,1409,3,TIDAK_VALID,train
3785,3975,323,1,GUNTING,validation
3722,3435,846,1,GUNTING,test
4034,3460,133,1,GUNTING,train
1057,794,103,0,BATU,validation
310,2963,3157,3,TIDAK_VALID,train
2079,3139,72,3,TIDAK_VALID,train
3093,1688,2295,3,TIDAK_VALID,validation
3407,3060,3020,2,KERTAS,validation
4045,3929,4006,2,KERTAS,test
1053,2499,1154,3,TIDAK_VALID,train
1034,406,843,0,BATU,train
1222,97,473,0,BATU,train
2061,484,1748,3,TIDAK_VALID,train
1308,1449,2576,3,TIDAK_VALID,validation
3091,3074,3087,2,KERTAS,test
3459,4073,88,1,GUNTING,test
3053,3131,332,1,GUNTING,train
3376,3913,3268,2,KERTAS,validation
3619,3687,1123,1,GUNTING,train
3409,816,2775,3,TIDAK_VALID,test
286,359,602,0,BATU,train
3386,3140,245,1,GUNTING,validation
1385,3201,3067,3,TIDAK_VALID,test
3781,3554,3595,2,KERTAS,train
2892,3580,3255,2,KERTAS,test
2983,3423,417,1,GUNTING,train
223,115,805,0,BATU,validation
2937,3748,3727,2,KERTAS,test
3659,3804,3830,2,KERTAS,train
3036,3598,980,1,GUNTING,test
124,336,648,0,BATU,train
3208,2932,906,1,GUNTING,train
3372,3097,929,1,GUNTING,train
3471,3801,479,1,GUNTING,validation
264,720,240,0,BATU,train
4054,2598,2605,3,TIDAK_VALID,train
1116,972,566,0,BATU,train
3823,2995,489,1,GUNTING,validation
2933,2561,2671,3,TIDAK_VALID,train
669,508,1035,0,BATU,validation
886,127,623,0,BATU,validation
832,36,493,0,BATU,train
1663,3217,2179,3,TIDAK_VALID,test
3568,2113,723,3,TIDAK_VALID,train
3470,3547,3386,2,KERTAS,validation
3841,3952,369,1,GUNTING,test
3995,3172,1089,1,GUNTING,train
563,114,690,0,BATU,train
279,103,125,0,BATU,test
176,3342,212,3,TIDAK_VALID,train
3912,3241,3420,2,KERTAS,train
3070,3453,746,1,GUNTING,train
2887,3932,604,1,GUNTING,validation
3534,4030,661,1,GUNTING,validation
2891,3029,687,1,GUNTING,test
280,933,681,0,BATU,train
3823,3536,3754,2,KERTAS,train
2619,860,2265,3,TIDAK_VALID,train
3215,3623,3979,2,KERTAS,validation
3460,2990,3508,2,KERTAS,train
3254,3026,854,1,GUNTING,train
2753,642,1771,3,TIDAK_VALID,train
3562,3365,4024,2,KERTAS,validation
2592,3123,1690,3,TIDAK_VALID,test
4028,3681,4039,2,KERTAS,train
3270,3616,3584,2,KERTAS,validation
3341,3287,3344,2,KERTAS,validation
3585,3974,3223,2,KERTAS,validation
772,2946,1024,3,TIDAK_VALID,train
296,75,674,0,BATU,train
3601,3539,3093,2,KERTAS,train
3615,3078,668,1,GUNTING,train
432,1216,570,0,BATU,validation
3211,3820,138,1,GUNTING,train
3540,3303,3755,2,KERTAS,train
2600,3775,3022,3,TIDAK_VALID,test
1007,646,1224,0,BATU,train
3333,3297,3617,2,KERTAS,train
3634,3464,895,1,GUNTING,validation
3265,3879,422,1,GUNTING,validation
604,649,740,0,BATU,train
789,531,278,0,BATU,validation
3578,3362,3173,2,KERTAS,train
860,798,1156,0,BATU,train
3885,3287,3392,2,KERTAS,validation
168,483,1097,0,BATU,train
416,548,1062,0,BATU,train
526,1158,779,0,BATU,test
924,625,379,0,BATU,test
3345,2973,3897,2,KERTAS,train
2168,800,2827,3,TIDAK_VALID,train
2617,3941,2022,3,TIDAK_VALID,train
392,3979,2721,3,TIDAK_VALID,train
3023,3826,3182,2,KERTAS,train
3084,3866,3301,2,KERTAS,train
2494,598,1736,3,TIDAK_VALID,train
1928,2615,938,3,TIDAK_VALID,test
760,934,158,0,BATU,train
1089,1006,605,0,BATU,train
3220,2347,1264,3,TIDAK_VALID,train
211,1094,577,0,BATU,train
1150,959,589,0,BATU,train
959,835,950,0,BATU,test
3722,2924,1102,1,GUNTING,validation
1108,145,30,0,BATU,validation
3536,3910,3143,2,KERTAS,train
1101,4035,3343,3,TIDAK_VALID,train
3733,3844,280,1,GUNTING,train
3781,3918,4039,2,KERTAS,train
3705,3133,148,1,GUNTING,train
3722,3935,1108,1,GUNTING,test
1395,3326,801,3,TIDAK_VALID,test
3667,3357,2875,2,KERTAS,train
2854,3397,665,3,TIDAK_VALID,train
391,620,1075,0,BATU,train
3306,3141,3992,2,KERTAS,train
3687,3246,18,1,GUNTING,train
3403,3413,3132,2,KERTAS,train
3166,23,2574,3,TIDAK_VALID,test
630,402,127,0,BATU,validation
733,973,925,0,BATU,train
3519,3850,731,1,GUNTING,train
3354,3758,3329,2,KERTAS,train
146,1126,395,0,BATU,train
300,1050,42,0,BATU,train
1477,481,849,3,TIDAK_VALID,train
3169,3266,4010,2,KERTAS,test
168,3601,3966,3,TIDAK_VALID,train
634,117,894,0,BATU,train
40,343,237,0,BATU,train
3187,4003,3516,2,KERTAS,validation
3800,2188,1647,3,TIDAK_VALID,train
1063,908,984,0,BATU,train
1173,299,122,0,BATU,train
3630,3626,65,1,GUNTING,validation
4062,3864,1057,1,GUNTING,train
3510,3981,1079,1,GUNTING,train
3318,3604,2971,2,KERTAS,train
2912,3515,3863,2,KERTAS,train
639,983,386,0,BATU,train
2967,3663,3765,2,KERTAS,train
3058,3946,522,1,GUNTING,train
3172,3772,954,1,GUNTING,validation
572,270,998,0,BATU,train
238,1653,199,3,TIDAK_VALID,train
3988,3657,1085,1,GUNTING,train
3624,1940,729,3,TIDAK_VALID,validation
712,2559,2337,3,TIDAK_VALID,validation
189,519,761,0,BATU,train
415,1149,741,0,BATU,test
301,2920,260,3,TIDAK_VALID,train
3792,705,306,3,TIDAK_VALID,train
3974,3830,3290,2,KERTAS,train
3350,3011,3193,2,KERTAS,train
3144,3055,3714,2,KERTAS,train
3712,4066,3115,2,KERTAS,train
3805,2896,3868,2,KERTAS,test
4029,3923,3220,2,KERTAS,train
1075,189,954,0,BATU,train
177,275,689,0,BATU,validation
256,374,1094,0,BATU,test
4089,3549,847,1,GUNTING,train
300,1121,1135,0,BATU,train
1142,1164,387,0,BATU,train
3018,2997,3055,2,KERTAS,validation
2983,3913,3756,2,KERTAS,train
2227,3379,2684,3,TIDAK_VALID,train
632,1054,569,0,BATU,train
372,1017,774,0,BATU,test
3523,2297,1645,3,TIDAK_VALID,train
2952,3603,2998,2,KERTAS,train
2680,812,1134,3,TIDAK_VALID,validation
2254,2644,2775,3,TIDAK_VALID,train
3275,3882,879,1,GUNTING,train
3195,3619,86,1,GUNTING,train
3655,1090,3990,3,TIDAK_VALID,test
2441,573,2602,3,TIDAK_VALID,train
1219,4080,945,3,TIDAK_VALID,train
3299,3434,3072,2,KERTAS,train
3614,3638,3631,2,KERTAS,train
670,3037,2179,3,TIDAK_VALID,validation
3219,680,3788,3,TIDAK_VALID,train
144,2195,1032,3,TIDAK_VALID,test
2309,710,1144,3,TIDAK_VALID,train
49,4038,2450,3,TIDAK_VALID,train
3100,3953,937,1,GUNTING,train
1884,799,2208,3,TIDAK_VALID,validation
3437,4062,3656,2,KERTAS,train
3486,2996,3072,2,KERTAS,train
3141,3519,3331,2,KERTAS,train
337,3200,1429,3,TIDAK_VALID,test
4036,3622,469,1,GUNTING,train
878,2455,3269,3,TIDAK_VALID,validation
763,3119,2259,3,TIDAK_VALID,validation
1037,1100,534,0,BATU,train
3593,4047,430,1,GUNTING,validation
3210,3927,3162,2,KERTAS,train
3273,3203,997,1,GUNTING,train
1715,2012,3800,3,TIDAK_VALID,train
4051,3438,58,1,GUNTING,train
3703,3709,3481,2,KERTAS,train
3205,3677,785,1,GUNTING,validation
1745,3023,701,3,TIDAK_VALID,test
458,694,332,0,BATU,train
1180,2448,3548,3,TIDAK_VALID,validation
3869,3747,932,1,GUNTING,train
523,801,1066,0,BATU,train
3251,3643,3332,2,KERTAS,validation
3680,3381,3140,2,KERTAS,train
3319,3195,3885,2,KERTAS,train
4021,3059,3023,2,KERTAS,train
4057,3963,2973,2,KERTAS,test
3899,3773,3836,2,KERTAS,validation
264,756,152,0,BATU,test
3919,3249,3641,2,KERTAS,train
3878,2986,78,1,GUNTING,train
3189,3857,4091,2,KERTAS,validation
3524,43,1786,3,TIDAK_VALID,train
3510,3842,369,1,GUNTING,train
3437,4026,195,1,GUNTING,validation
3979,3619,1982,3,TIDAK_VALID,train
3141,3073,579,1,GUNTING,train
3341,2896,3872,2,KERTAS,train
3591,3140,4068,2,KERTAS,test
3782,3860,4079,2,KERTAS,train
3358,3030,236,1,GUNTING,train
1159,284,2484,3,TIDAK_VALID,validation
820,159,338,0,BATU,train
3139,3379,3114,2,KERTAS,train
130,713,274,0,BATU,test
654,778,354,0,BATU,train
3765,3856,154,1,GUNTING,train
316,667,394,0,BATU,train
3542,2896,3835,2,KERTAS,train
3259,3778,2997,2,KERTAS,train
1127,3200,1021,3,TIDAK_VALID,train
3821,3010,1033,1,GUNTING,train
905,565,265,0,BATU,train
560,1512,2877,3,TIDAK_VALID,test
770,918,1099,0,BATU,train
3622,1065,2073,3,TIDAK_VALID,validation
2936,3357,3919,2,KERTAS,train
3778,3449,701,1,GUNTING,train
3635,3106,3190,2,KERTAS,train
2867,3772,617,1,GUNTING,test
197,750,972,0,BATU,train
862,858,464,0,BATU,test
2380,3766,3222,3,TIDAK_VALID,train
3405,3449,714,1,GUNTING,train
3055,3967,2992,2,KERTAS,test
3466,2118,2311,3,TIDAK_VALID,validation
2939,3059,3878,2,KERTAS,train
3692,3844,724,1,GUNTING,train
3020,3630,4030,2,KERTAS,test
3772,4091,427,1,GUNTING,train
1109,752,1129,0,BATU,test
978,1115,986,0,BATU,train
2527,3287,4,3,TIDAK_VALID,train
84,1488,2619,3,TIDAK_VALID,train
2441,3414,2967,3,TIDAK_VALID,test
989,476,354,0,BATU,train
1036,1532,2432,3,TIDAK_VALID,train
3175,2920,1008,1,GUNTING,train
3913,3928,680,1,GUNTING,train
3036,3010,2951,2,KERTAS,train
3031,3231,106,1,GUNTING,train
814,1174,352,0,BATU,train
330,786,848,0,BATU,validation
1766,2801,2493,3,TIDAK_VALID,train
1302,3393,601,3,TIDAK_VALID,validation
2278,925,2745,3,TIDAK_VALID,train
1016,1052,457,0,BATU,train
4036,3054,3716,2,KERTAS,train
345,76,563,0,BATU,train
4007,3598,512,1,GUNTING,train
3769,4063,3958,2,KERTAS,train
324,2141,946,3,TIDAK_VALID,train
1246,2010,2168,3,TIDAK_VALID,test
442,3650,838,3,TIDAK_VALID,train
316,3533,1166,3,TIDAK_VALID,train
3339,3256,3727,2,KERTAS,train
2941,214,2273,3,TIDAK_VALID,train
3459,4040,2970,2,KERTAS,validation
3256,211,1477,3,TIDAK_VALID,test
580,1005,916,0,BATU,train
3028,3927,2867,2,KERTAS,train
123,741,1199,0,BATU,test
3136,2989,965,1,GUNTING,train
1904,1739,627,3,TIDAK_VALID,train
79,943,462,0,BATU,train
3506,3572,3955,2,KERTAS,train
3448,1182,2272,3,TIDAK_VALID,train
2918,3674,789,1,GUNTING,validation
936,1213,55,0,BATU,train
4038,3931,3360,2,KERTAS,train
3252,3040,328,1,GUNTING,train
1048,287,72,0,BATU,train
1500,3862,2846,3,TIDAK_VALID,train
118,189,656,0,BATU,train
2905,3715,535,1,GUNTING,train
3907,3064,3838,2,KERTAS,train
2464,238,2772,3,TIDAK_VALID,validation
3528,3765,3858,2,KERTAS,train
3291,3852,1080,1,GUNTING,train
3862,3704,342,1,GUNTING,train
3375,3817,1045,1,GUNTING,train
2473,3280,370,3,TIDAK_VALID,validation
3913,2924,645,1,GUNTING,train
2956,2956,554,1,GUNTING,train
3349,3526,2884,2,KERTAS,train
3722,4011,764,1,GUNTING,validation
3992,3586,1188,1,GUNTING,train
2667,2450,447,3,TIDAK_VALID,validation
3511,3819,1201,1,GUNTING,train
3943,3247,246,1,GUNTING,train
3079,3584,517,1,GUNTING,train
2944,3921,2895,2,KERTAS,validation
2735,2722,2712,3,TIDAK_VALID,train
3574,3590,3126,2,KERTAS,train
3955,3282,313,1,GUNTING,test
1100,508,366,0,BATU,test
351,1567,1020,3,TIDAK_VALID,train
2985,3940,630,1,GUNTING,train
662,576,326,0,BATU,test
3684,3356,3384,2,KERTAS,train
1043,396,291,0,BATU,validation
3643,1225,3989,3,TIDAK_VALID,train
142,1087,601,0,BATU,train
333,872,1204,0,BATU,train
3580,2966,534,1,GUNTING,train
3741,3333,3552,2,KERTAS,validation
2922,3276,4048,2,KERTAS,train
3862,3751,4030,2,KERTAS,train
950,333,607,0,BATU,train
844,55,881,0,BATU,test
3829,3675,637,1,GUNTING,validation
3432,4082,3488,2,KERTAS,train
2334,55,1906,3,TIDAK_VALID,train
3567,3754,3457,2,KERTAS,validation
3115,3297,504,1,GUNTING,train
3885,3179,1090,1,GUNTING,test
3814,3337,3078,2,KERTAS,train
3334,3750,787,1,GUNTING,train
1239,2116,3808,3,TIDAK_VALID,validation
3604,4093,4076,2,KERTAS,train
249,376,712,0,BATU,train
3710,3705,350,1,GUNTING,test
2984,3699,3287,2,KERTAS,validation
3075,3872,3187,2,KERTAS,validation
683,365,405,0,BATU,train
398,346,510,0,BATU,validation
3332,3876,543,1,GUNTING,train
2927,3141,3842,2,KERTAS,validation
1279,303,919,3,TIDAK_VALID,train
3578,3481,2999,2,KERTAS,validation
3132,4088,743,1,GUNTING,train
4021,3637,639,1,GUNTING,train
43,3131,348,3,TIDAK_VALID,validation
3672,3621,3956,2,KERTAS,train
3635,2993,3774,2,KERTAS,train
3291,3725,4072,2,KERTAS,train
3982,3484,3992,2,KERTAS,train
1060,1026,109,0,BATU,train
1099,228,397,0,BATU,train
3129,3993,1200,1,GUNTING,train
1214,3871,2076,3,TIDAK_VALID,train
4038,3906,1811,3,TIDAK_VALID,train
3602,3941,3390,2,KERTAS,validation
3221,2345,677,3,TIDAK_VALID,train
3392,3257,3913,2,KERTAS,validation
3688,3325,2939,2,KERTAS,train
4027,3394,3356,2,KERTAS,test
4085,2393,504,3,TIDAK_VALID,train
222,433,353,0,BATU,train
539,585,1222,0,BATU,train
1014,1439,1371,3,TIDAK_VALID,train
1139,734,822,0,BATU,train
182,625,496,0,BATU,train
4064,3180,890,1,GUNTING,train
607,3830,280,3,TIDAK_VALID,train
255,692,1083,0,BATU,train
591,515,31,0,BATU,test
702,1221,47,0,BATU,train
2164,530,44,3,TIDAK_VALID,test
3904,3892,3394,2,KERTAS,train
4044,3976,3412,2,KERTAS,train
3858,3323,3488,2,KERTAS,validation
322,189,889,0,BATU,test
1072,236,271,0,BATU,train
2556,508,2862,3,TIDAK_VALID,train
3326,3289,2873,2,KERTAS,train
2130,1059,1993,3,TIDAK_VALID,train
298,891,965,0,BATU,validation
3051,3511,2884,2,KERTAS,train
3077,3389,598,1,GUNTING,train
3493,3186,554,1,GUNTING,validation
3140,3300,4024,2,KERTAS,train
3199,3303,3393,2,KERTAS,validation
802,1129,123,0,BATU,train
741,2116,2706,3,TIDAK_VALID,train
1116,3984,939,3,TIDAK_VALID,test
3778,3779,3974,2,KERTAS,train
240,71,1166,0,BATU,train
872,520,1180,0,BATU,test
3331,3929,3002,2,KERTAS,train
495,690,884,0,BATU,train
3765,3296,3465,2,KERTAS,train
170,971,332,0,BATU,train
2880,541,109,3,TIDAK_VALID,train
2840,348,1531,3,TIDAK_VALID,train
3034,3819,248,1,GUNTING,train
109,1197,251,0,BATU,train
1189,718,1111,0,BATU,test
3411,3290,925,1,GUNTING,train
3611,3399,3634,2,KERTAS,train
3851,3951,4090,2,KERTAS,validation
351,3138,1017,3,TIDAK_VALID,validation
3250,3955,3602,2,KERTAS,test
3258,1199,3100,3,TIDAK_VALID,train
3097,3627,3885,2,KERTAS,train
3566,1142,3958,3,TIDAK_VALID,train
232,1805,3144,3,TIDAK_VALID,train
3008,3209,204,1,GUNTING,test
3998,3058,3268,2,KERTAS,validation
1175,419,920,0,BATU,test
2243,1267,2859,3,TIDAK_VALID,train
3108,4012,3775,2,KERTAS,train
2926,3103,5,1,GUNTING,train
4062,3687,3612,2,KERTAS,train
1108,1210,1207,0,BATU,train
3850,3346,595,1,GUNTING,train
3570,3325,2904,2,KERTAS,train
419,3573,2295,3,TIDAK_VALID,train
647,258,4,0,BATU,test
2063,43,3676,3,TIDAK_VALID,train
3353,1894,861,3,TIDAK_VALID,train
320,189,303,0,BATU,train
3658,3355,5,1,GUNTING,train
922,108,765,0,BATU,test
3093,3475,187,1,GUNTING,train
4004,3842,3772,2,KERTAS,test
4018,3975,25,1,GUNTING,train
3270,3456,3571,2,KERTAS,train
3819,3680,142,1,GUNTING,train
2933,3650,886,1,GUNTING,test
678,1028,133,0,BATU,train
2982,3814,2970,2,KERTAS,validation
2910,3554,3753,2,KERTAS,train
4043,1003,2346,3,TIDAK_VALID,train
3400,3902,3064,2,KERTAS,validation
802,1219,1228,0,BATU,train
610,572,7,0,BATU,train
3793,3397,3195,2,KERTAS,test
338,1089,230,0,BATU,train
3656,3961,798,1,GUNTING,test
2974,3878,991,1,GUNTING,test
3103,3045,700,1,GUNTING,train
3712,3446,877,1,GUNTING,train
791,2783,316,3,TIDAK_VALID,train
3069,3577,927,1,GUNTING,train
3699,2961,256,1,GUNTING,validation
2985,3644,77,1,GUNTING,train
495,99,323,0,BATU,train
1733,1641,3350,3,TIDAK_VALID,train
1873,3912,216,3,TIDAK_VALID,train
3728,2917,142,1,GUNTING,validation
222,1114,55,0,BATU,train
1109,1133,408,0,BATU,train
139,2172,268,3,TIDAK_VALID,validation
3164,3900,3777,2,KERTAS,train
2983,3928,3340,2,KERTAS,test
3361,3537,4022,2,KERTAS,test
3779,3841,1062,1,GUNTING,validation
2570,3781,703,3,TIDAK_VALID,train
13,257,645,0,BATU,train
1959,2107,3631,3,TIDAK_VALID,train
3658,3498,3191,2,KERTAS,test
3996,3963,3956,2,KERTAS,validation
803,119,589,0,BATU,test
3941,3241,3166,2,KERTAS,train
3106,3854,3302,2,KERTAS,train
3943,3869,128,1,GUNTING,test
15,978,639,0,BATU,train
3518,3205,773,1,GUNTING,test
3798,3400,4030,2,KERTAS,train
3681,3500,643,1,GUNTING,train
1095,337,1135,0,BATU,validation
3473,3266,3287,2,KERTAS,test
4068,2606,1037,3,TIDAK_VALID,train
378,822,357,0,BATU,test
3480,1545,247,3,TIDAK_VALID,train
3596,3234,838,1,GUNTING,train
3157,3231,371,1,GUNTING,train
3623,3751,3630,2,KERTAS,validation
519,796,482,0,BATU,validation
3068,3179,2994,2,KERTAS,test
3850,3950,799,1,GUNTING,train
3357,4007,3326,2,KERTAS,train
3325,3408,3810,2,KERTAS,test
3321,3932,458,1,GUNTING,train
3854,3790,1076,1,GUNTING,train
4093,4013,1207,1,GUNTING,test
3375,3836,3885,2,KERTAS,train
394,237,127,0,BATU,train
903,249,854,0,BATU,train
2913,3736,674,1,GUNTING,train
768,660,745,0,BATU,train
449,857,730,0,BATU,train
3211,3597,3789,2,KERTAS,train
3942,3149,3422,2,KERTAS,train
1487,2849,2413,3,TIDAK_VALID,train
2947,3831,3214,2,KERTAS,test
3685,3616,3674,2,KERTAS,validation
3926,2874,3789,2,KERTAS,validation
3656,3889,3451,2,KERTAS,train
765,922,975,0,BATU,train
4094,3271,1056,1,GUNTING,test
336,62,730,0,BATU,train
3755,758,2699,3,TIDAK_VALID,validation
4017,3068,4027,2,KERTAS,test
965,697,695,0,BATU,validation
2939,3240,518,1,GUNTING,train
3588,3488,3779,2,KERTAS,train
125,1374,1911,3,TIDAK_VALID,train
3794,3306,81,1,GUNTING,test
622,1050,838,0,BATU,validation
2937,3686,453,1,GUNTING,train
203,311,197,0,BATU,train
4080,879,529,3,TIDAK_VALID,train
3168,4049,1119,1,GUNTING,train
1640,3218,3035,3,TIDAK_VALID,test
4055,3709,2977,2,KERTAS,train
1270,2934,3161,3,TIDAK_VALID,train
2374,1439,3212,3,TIDAK_VALID,train
1879,2185,1366,3,TIDAK_VALID,train
192,128,1228,0,BATU,train
3838,3191,2891,2,KERTAS,train
3518,3326,821,1,GUNTING,train
3294,3561,3298,2,KERTAS,train
3066,3867,76,1,GUNTING,test
2982,3928,2935,2,KERTAS,train
1601,3122,1229,3,TIDAK_VALID,train
3631,3947,4029,2,KERTAS,test
3267,3155,483,1,GUNTING,train
3172,4035,3556,2,KERTAS,train
3314,2547,1077,3,TIDAK_VALID,test
3060,3229,3482,2,KERTAS,train
3372,3929,3491,2,KERTAS,train
3561,3540,308,1,GUNTING,train
4011,3824,916,1,GUNTING,test
1654,1663,2348,3,TIDAK_VALID,train
1079,460,124,0,BATU,train
3343,1087,948,3,TIDAK_VALID,train
3025,3934,3308,2,KERTAS,train
1176,512,1224,0,BATU,test
4043,3238,1211,1,GUNTING,train
2947,4012,616,1,GUNTING,train
2440,2690,2671,3,TIDAK_VALID,train
277,974,1042,0,BATU,train
3296,2874,431,1,GUNTING,validation
1039,49,552,0,BATU,train
3505,2973,3196,2,KERTAS,validation
3869,3083,64,1,GUNTING,train
3,783,219,0,BATU,validation
2954,594,3778,3,TIDAK_VALID,validation
2998,2118,23,3,TIDAK_VALID,validation
1042,245,100,0,BATU,validation
3676,3373,2878,2,KERTAS,validation
3996,3666,3003,2,KERTAS,train
3687,3997,501,1,GUNTING,train
920,985,604,0,BATU,train
2891,3472,339,1,GUNTING,test
817,1186,804,0,BATU,test
984,729,961,0,BATU,train
4083,3513,555,1,GUNTING,validation
3122,3864,1123,1,GUNTING,train
123,903,718,0,BATU,validation
1144,1830,2582,3,TIDAK_VALID,train
1793,42,291,3,TIDAK_VALID,train
3203,2250,3205,3,TIDAK_VALID,train
4056,4055,45,1,GUNTING,train
3313,3782,1054,1,GUNTING,validation
1280,3905,1769,3,TIDAK_VALID,validation
399,3740,2610,3,TIDAK_VALID,train
3965,2645,2593,3,TIDAK_VALID,validation
953,67,1006,0,BATU,test
3520,1285,3072,3,TIDAK_VALID,validation
3946,3640,780,1,GUNTING,train
1212,273,1001,0,BATU,train
3448,3110,463,1,GUNTING,train
3519,3587,627,1,GUNTING,train
474,242,322,0,BATU,train
3374,3633,3851,2,KERTAS,train
645,446,4,0,BATU,test
741,1306,2969,3,TIDAK_VALID,train
202,55,535,0,BATU,train
3574,3239,1077,1,GUNTING,train
298,173,528,0,BATU,test
2956,3493,3188,2,KERTAS,test
1309,3925,834,3,TIDAK_VALID,train
3654,3537,92,1,GUNTING,train
3490,4022,526,1,GUNTING,train
2949,3873,3157,2,KERTAS,validation
393,1025,805,0,BATU,validation
3833,2937,1045,1,GUNTING,train
3132,3774,3917,2,KERTAS,train
4043,4088,3314,2,KERTAS,train
385,128,845,0,BATU,validation
2971,4054,723,1,GUNTING,train
3180,391,3032,3,TIDAK_VALID,train
1019,30,270,0,BATU,train
3378,2930,1146,1,GUNTING,train
2978,2624,341,3,TIDAK_VALID,test
3036,3915,225,1,GUNTING,test
390,128,510,0,BATU,train
4086,3067,1044,1,GUNTING,validation
730,3262,1808,3,TIDAK_VALID,validation
3269,219,2952,3,TIDAK_VALID,test
2490,1143,1847,3,TIDAK_VALID,train
944,132,1125,0,BATU,train
3815,2922,3975,2,KERTAS,test
4079,4070,3281,2,KERTAS,train
3650,4039,3760,2,KERTAS,train
3081,3882,3543,2,KERTAS,train
4000,3112,385,1,GUNTING,test
3884,3298,848,1,GUNTING,validation
350,968,777,0,BATU,train
3394,3562,3688,2,KERTAS,train
989,519,1189,0,BATU,test
3718,3230,3551,2,KERTAS,train
2626,1432,115,3,TIDAK_VALID,test
918,161,991,0,BATU,train
3652,3568,293,1,GUNTING,test
2302,2840,0,3,TIDAK_VALID,train
728,272,902,0,BATU,train
1670,583,2742,3,TIDAK_VALID,train
2937,105,582,3,TIDAK_VALID,train
3288,3018,3753,2,KERTAS,train
2768,1950,3675,3,TIDAK_VALID,train
4046,3875,3606,2,KERTAS,train
3669,3664,956,1,GUNTING,train
3401,3417,3728,2,KERTAS,train
3708,3171,3432,2,KERTAS,train
4003,3122,241,1,GUNTING,validation
546,544,88,0,BATU,train
3315,2872,623,1,GUNTING,train
3021,3373,3913,2,KERTAS,train
3634,3740,1076,1,GUNTING,validation
165,2465,3406,3,TIDAK_VALID,validation
3543,3386,4085,2,KERTAS,train
3059,3823,980,1,GUNTING,train
1103,2296,3597,3,TIDAK_VALID,train
1020,1199,1035,0,BATU,train
1716,1570,2664,3,TIDAK_VALID,test
3328,2514,2759,3,TIDAK_VALID,validation
2810,879,3371,3,TIDAK_VALID,train
2885,3516,160,1,GUNTING,train
3940,3760,3950,2,KERTAS,validation
3780,4032,4069,2,KERTAS,train
3869,3925,1006,1,GUNTING,train
1056,551,343,0,BATU,train
3429,4010,3124,2,KERTAS,train
427,750,1761,3,TIDAK_VALID,train
3688,2296,1476,3,TIDAK_VALID,train
574,235,2561,3,TIDAK_VALID,train
1102,584,74,0,BATU,train
3042,3373,916,1,GUNTING,train
3256,2956,1954,3,TIDAK_VALID,test
781,611,96,0,BATU,test
3422,2956,3833,2,KERTAS,train
3131,3247,570,1,GUNTING,train
2924,3535,3557,2,KERTAS,test
2892,4088,3943,2,KERTAS,train
559,509,217,0,BATU,train
468,1076,1212,0,BATU,train
302,1191,940,0,BATU,validation
3685,3930,174,1,GUNTING,train
1305,17,83,3,TIDAK_VALID,test
3284,3518,3620,2,KERTAS,test
3974,3656,3466,2,KERTAS,train
1504,4055,3738,3,TIDAK_VALID,validation
3618,4078,803,1,GUNTING,train
9,967,817,0,BATU,train
1642,1226,14,3,TIDAK_VALID,train
3634,1894,1183,3,TIDAK_VALID,train
119,263,721,0,BATU,test
860,823,3202,3,TIDAK_VALID,train
957,165,659,0,BATU,train
3771,3854,683,1,GUNTING,validation
3010,3220,3654,2,KERTAS,train
3235,3082,270,1,GUNTING,train
3496,3936,3693,2,KERTAS,train
936,3419,1479,3,TIDAK_VALID,train
132,1838,2802,3,TIDAK_VALID,train
3983,4012,693,1,GUNTING,train
100,626,3510,3,TIDAK_VALID,train
3857,3672,2548,3,TIDAK_VALID,train
511,61,459,0,BATU,train
996,592,693,0,BATU,train
3969,3208,2898,2,KERTAS,train
3940,3761,3819,2,KERTAS,test
4070,3014,3289,2,KERTAS,train
3399,3402,1209,1,GUNTING,test
671,203,635,0,BATU,test
2733,2181,563,3,TIDAK_VALID,train
2105,935,579,3,TIDAK_VALID,train
1157,148,1101,0,BATU,train
3559,228,1604,3,TIDAK_VALID,validation
2961,3609,1212,1,GUNTING,train
1925,744,1010,3,TIDAK_VALID,train
2200,2302,32,3,TIDAK_VALID,test
74,95,734,0,BATU,validation
3235,3396,367,1,GUNTING,train
4011,3444,508,1,GUNTING,train
3603,3920,3777,2,KERTAS,validation
4016,3267,2891,2,KERTAS,validation
2923,3541,818,1,GUNTING,test
2278,2182,3787,3,TIDAK_VALID,train
3577,3257,3177,2,KERTAS,train
1606,2029,1598,3,TIDAK_VALID,train
356,1139,188,0,BATU,validation
456,1019,993,0,BATU,train
672,689,621,0,BATU,train
3597,3675,3893,2,KERTAS,train
3407,3230,3952,2,KERTAS,train
852,1201,299,0,BATU,test
3533,3790,520,1,GUNTING,train
684,963,816,0,BATU,train
2889,3317,3184,2,KERTAS,train
512,660,598,0,BATU,train
3847,3983,898,1,GUNTING,train
1304,3075,274,3,TIDAK_VALID,validation
3064,3244,409,1,GUNTING,train
3400,3932,3362,2,KERTAS,test
3565,3228,601,1,GUNTING,train
3901,4068,1219,1,GUNTING,test
2039,1755,2050,3,TIDAK_VALID,train
800,346,153,0,BATU,test
1009,512,395,0,BATU,train
2376,1807,1093,3,TIDAK_VALID,train
3207,3078,3200,2,KERTAS,validation
1885,3614,1254,3,TIDAK_VALID,train
3906,3566,3223,2,KERTAS,train
981,425,1183,0,BATU,test
3331,3225,3317,2,KERTAS,validation
3042,3169,244,1,GUNTING,train
257,722,286,0,BATU,train
3021,3546,423,1,GUNTING,train
2915,2487,3395,3,TIDAK_VALID,validation
4069,4046,3645,2,KERTAS,validation
4092,3710,3982,2,KERTAS,test
774,1187,1120,0,BATU,validation
965,824,2542,3,TIDAK_VALID,train
3630,3729,3851,2,KERTAS,test
2050,3054,3028,3,TIDAK_VALID,test
3941,3203,194,1,GUNTING,train
3985,3833,3582,2,KERTAS,train
3899,3635,3419,2,KERTAS,train
530,44,657,0,BATU,train
2669,1886,974,3,TIDAK_VALID,validation
1099,296,209,0,BATU,test
687,289,65,0,BATU,test
2928,3269,1069,1,GUNTING,train
3963,3672,3544,2,KERTAS,train
3172,3648,2926,2,KERTAS,validation
3973,1287,2130,3,TIDAK_VALID,train
3191,3049,484,1,GUNTING,validation
3115,3708,674,1,GUNTING,train
3839,3691,367,1,GUNTING,train
1468,38,1709,3,TIDAK_VALID,train
3706,3202,3451,2,KERTAS,validation
3481,3810,329,1,GUNTING,train
3736,3129,3659,2,KERTAS,validation
1791,670,2783,3,TIDAK_VALID,test
853,714,245,0,BATU,train
576,196,219,0,BATU,validation
1912,1937,3155,3,TIDAK_VALID,validation
83,2473,1795,3,TIDAK_VALID,train
3287,3486,3783,2,KERTAS,train
312,1129,558,0,BATU,train
1656,1235,2075,3,TIDAK_VALID,test
2898,2910,3760,2,KERTAS,train
1157,555,2777,3,TIDAK_VALID,train
3408,3963,45,1,GUNTING,train
3327,3481,1070,1,GUNTING,validation
3517,3577,3714,2,KERTAS,validation
3068,3562,3692,2,KERTAS,train
3528,2905,888,1,GUNTING,train
3192,3655,2913,2,KERTAS,train
386,493,329,0,BATU,train
865,251,115,0,BATU,train
522,1075,4069,3,TIDAK_VALID,train
939,2746,3843,3,TIDAK_VALID,test
3675,3666,1111,1,GUNTING,train
2111,923,542,3,TIDAK_VALID,train
1158,902,264,0,BATU,train
3396,3874,982,1,GUNTING,train
200,950,1051,0,BATU,train
3509,3943,3320,2,KERTAS,validation
3531,3160,3742,2,KERTAS,train
3114,3604,1204,1,GUNTING,validation
1074,312,750,0,BATU,train
105,3229,1048,3,TIDAK_VALID,train
3753,4018,3646,2,KERTAS,train
286,1028,179,0,BATU,train
1763,942,2333,3,TIDAK_VALID,train
3280,3855,319,1,GUNTING,train
132,291,648,0,BATU,train
3578,3975,2872,2,KERTAS,test
3946,3262,702,1,GUNTING,train
3283,3033,3455,2,KERTAS,train
865,3036,2742,3,TIDAK_VALID,train
3825,3532,3064,2,KERTAS,test
3214,3386,2986,2,KERTAS,train
3573,3467,3339,2,KERTAS,train
3243,3110,1173,1,GUNTING,train
3627,1951,3047,3,TIDAK_VALID,train
946,1226,605,0,BATU,train
3618,3665,3816,2,KERTAS,train
3949,1742,86,3,TIDAK_VALID,test
65,1162,482,0,BATU,train
3443,758,717,3,TIDAK_VALID,validation
966,3718,3127,3,TIDAK_VALID,train
3582,3233,85,1,GUNTING,train
2278,1138,1362,3,TIDAK_VALID,test
3489,3464,738,1,GUNTING,train
4079,3308,339,1,GUNTING,test
3104,3070,3587,2,KERTAS,train
354,145,293,0,BATU,train
699,172,141,0,BATU,train
850,776,930,0,BATU,train
2884,3987,3193,2,KERTAS,test
3364,3418,461,1,GUNTING,train
3547,2921,3812,2,KERTAS,train
871,1228,9,0,BATU,train
